prevalence,class_sep,overlap,seed,method,classifier,auprc,macro_f1,minority_f1
0.05,0.4,high,0,Real only,LogisticRegression,0.08686197599369391,0.48497854077253216,0.0
0.05,0.4,high,0,Real only,RandomForest,0.26619311116212424,0.48497854077253216,0.0
0.05,0.4,high,0,Random oversampling,LogisticRegression,0.06470067127758206,0.4344294034129799,0.1299638989169675
0.05,0.4,high,0,Random oversampling,RandomForest,0.17925993455465314,0.48409286328460877,0.0
0.05,0.4,high,0,SMOTE,LogisticRegression,0.06458093829037204,0.44086021505376344,0.13333333333333333
0.05,0.4,high,0,SMOTE,RandomForest,0.11450424064997619,0.5567375886524822,0.16666666666666666
0.05,0.4,high,0,SepAware-SMOTE,LogisticRegression,0.06931951872759742,0.4468777480872251,0.1214574898785425
0.05,0.4,high,0,SepAware-SMOTE,RandomForest,0.16574088715541016,0.5281535073922617,0.09090909090909091
0.05,0.4,high,1,Real only,LogisticRegression,0.1948696558317679,0.4845360824742268,0.0
0.05,0.4,high,1,Real only,RandomForest,0.2506146459585615,0.4845360824742268,0.0
0.05,0.4,high,1,Random oversampling,LogisticRegression,0.17824457533510005,0.478614936440678,0.1796875
0.05,0.4,high,1,Random oversampling,RandomForest,0.23022140750824863,0.4845360824742268,0.0
0.05,0.4,high,1,SMOTE,LogisticRegression,0.1554217664866246,0.48362503620922004,0.18326693227091634
0.05,0.4,high,1,SMOTE,RandomForest,0.12875830636017982,0.5271867612293144,0.1111111111111111
0.05,0.4,high,1,SepAware-SMOTE,LogisticRegression,0.1760805216604285,0.5018410223088585,0.19298245614035087
0.05,0.4,high,1,SepAware-SMOTE,RandomForest,0.1708078636585489,0.531211448309894,0.09523809523809523
0.05,0.4,high,2,Real only,LogisticRegression,0.16949951758371357,0.5108252559108615,0.05263157894736842
0.05,0.4,high,2,Real only,RandomForest,0.3823909005797731,0.4854202401372213,0.0
0.05,0.4,high,2,Random oversampling,LogisticRegression,0.11434156469535865,0.5009821096777619,0.19658119658119658
0.05,0.4,high,2,Random oversampling,RandomForest,0.4538366866893135,0.5923543799257178,0.21052631578947367
0.05,0.4,high,2,SMOTE,LogisticRegression,0.11723968552692529,0.5091491456329527,0.19909502262443438
0.05,0.4,high,2,SMOTE,RandomForest,0.33708408690212266,0.6253746253746253,0.2857142857142857
0.05,0.4,high,2,SepAware-SMOTE,LogisticRegression,0.12132273754237177,0.5327007029985038,0.21649484536082475
0.05,0.4,high,2,SepAware-SMOTE,RandomForest,0.4286832309965411,0.6120689655172413,0.25
0.05,0.4,high,3,Real only,LogisticRegression,0.1014559642500052,0.48497854077253216,0.0
0.05,0.4,high,3,Real only,RandomForest,0.42426430408022864,0.5651780052540991,0.15789473684210525
0.05,0.4,high,3,Random oversampling,LogisticRegression,0.107610801021972,0.4916336590272589,0.1976284584980237
0.05,0.4,high,3,Random oversampling,RandomForest,0.36797381273883506,0.6085776215829457,0.24390243902439024
0.05,0.4,high,3,SMOTE,LogisticRegression,0.10296868027056129,0.4823927258924412,0.17355371900826447
0.05,0.4,high,3,SMOTE,RandomForest,0.368112462719557,0.6628371628371629,0.35714285714285715
0.05,0.4,high,3,SepAware-SMOTE,LogisticRegression,0.0999757764375468,0.49136970676087716,0.18025751072961374
0.05,0.4,high,3,SepAware-SMOTE,RandomForest,0.3279086284177613,0.595959595959596,0.2222222222222222
0.05,0.4,high,4,Real only,LogisticRegression,0.15389359942323463,0.5108252559108615,0.05263157894736842
0.05,0.4,high,4,Real only,RandomForest,0.16828408417542645,0.5108252559108615,0.05263157894736842
0.05,0.4,high,4,Random oversampling,LogisticRegression,0.14473342111354257,0.4372643106487806,0.13620071684587814
0.05,0.4,high,4,Random oversampling,RandomForest,0.23094549794019478,0.5328184515667418,0.0975609756097561
0.05,0.4,high,4,SMOTE,LogisticRegression,0.1318924224442558,0.42792429920726655,0.12186379928315412
0.05,0.4,high,4,SMOTE,RandomForest,0.2409082656908188,0.6014252068361616,0.2413793103448276
0.05,0.4,high,4,SepAware-SMOTE,LogisticRegression,0.1395452431732759,0.47253674660665307,0.15254237288135594
0.05,0.4,high,4,SepAware-SMOTE,RandomForest,0.26764318181049873,0.5778979316998654,0.18604651162790697
0.05,0.4,high,5,Real only,LogisticRegression,0.09212666617924092,0.48409286328460877,0.0
0.05,0.4,high,5,Real only,RandomForest,0.21656758102848722,0.48409286328460877,0.0
0.05,0.4,high,5,Random oversampling,LogisticRegression,0.09128964543598218,0.4657381637843946,0.17100371747211895
0.05,0.4,high,5,Random oversampling,RandomForest,0.22163603383469266,0.4836488812392427,0.0
0.05,0.4,high,5,SMOTE,LogisticRegression,0.08815939732761824,0.46674566730854694,0.16279069767441862
0.05,0.4,high,5,SMOTE,RandomForest,0.18173356850149572,0.5946788609436707,0.23529411764705882
0.05,0.4,high,5,SepAware-SMOTE,LogisticRegression,0.08336060335332202,0.4640453039854685,0.1469387755102041
0.05,0.4,high,5,SepAware-SMOTE,RandomForest,0.17451091710475203,0.5065383666419936,0.047619047619047616
0.05,0.4,high,6,Real only,LogisticRegression,0.09288397248086037,0.4854202401372213,0.0
0.05,0.4,high,6,Real only,RandomForest,0.3834149748485465,0.5418098510882016,0.1111111111111111
0.05,0.4,high,6,Random oversampling,LogisticRegression,0.07319550124452251,0.42039252306354746,0.09774436090225563
0.05,0.4,high,6,Random oversampling,RandomForest,0.3461087767496119,0.5677534800492667,0.16216216216216217
0.05,0.4,high,6,SMOTE,LogisticRegression,0.09563149960859241,0.4221056721056721,0.09848484848484848
0.05,0.4,high,6,SMOTE,RandomForest,0.19465864743715508,0.6006757794501613,0.23529411764705882
0.05,0.4,high,6,SepAware-SMOTE,LogisticRegression,0.08280389467280974,0.4696946608092163,0.1506276150627615
0.05,0.4,high,6,SepAware-SMOTE,RandomForest,0.33477100593474096,0.6120689655172413,0.25
0.05,0.4,high,7,Real only,LogisticRegression,0.17045518083235817,0.48586118251928023,0.0
0.05,0.4,high,7,Real only,RandomForest,0.2387717527739582,0.48586118251928023,0.0
0.05,0.4,high,7,Random oversampling,LogisticRegression,0.12346064776924225,0.44745830821780186,0.12698412698412698
0.05,0.4,high,7,Random oversampling,RandomForest,0.19040815230402225,0.5144083384426732,0.05714285714285714
0.05,0.4,high,7,SMOTE,LogisticRegression,0.11364145890330324,0.4424352019288728,0.11904761904761904
0.05,0.4,high,7,SMOTE,RandomForest,0.16755439878129058,0.5712584358872569,0.18181818181818182
0.05,0.4,high,7,SepAware-SMOTE,LogisticRegression,0.1060840515606261,0.4435712450855325,0.1087866108786611
0.05,0.4,high,7,SepAware-SMOTE,RandomForest,0.26320521422741644,0.5398666077943808,0.10810810810810811
0.05,0.4,high,8,Real only,LogisticRegression,0.12879349275361915,0.48409286328460877,0.0
0.05,0.4,high,8,Real only,RandomForest,0.4375175120576519,0.5362088385344199,0.10256410256410256
0.05,0.4,high,8,Random oversampling,LogisticRegression,0.08308920890031271,0.41770186335403725,0.10714285714285714
0.05,0.4,high,8,Random oversampling,RandomForest,0.38921011370727215,0.595959595959596,0.2222222222222222
0.05,0.4,high,8,SMOTE,LogisticRegression,0.08382467419788527,0.42883003792194013,0.1223021582733813
0.05,0.4,high,8,SMOTE,RandomForest,0.3169064628893337,0.6570359592600291,0.35294117647058826
0.05,0.4,high,8,SepAware-SMOTE,LogisticRegression,0.1227480099331231,0.45339820906049144,0.13545816733067728
0.05,0.4,high,8,SepAware-SMOTE,RandomForest,0.4067628825715531,0.6421356421356421,0.3111111111111111
0.05,0.4,high,9,Real only,LogisticRegression,0.06675354411244441,0.48497854077253216,0.0
0.05,0.4,high,9,Real only,RandomForest,0.2638469975062211,0.48497854077253216,0.0
0.05,0.4,high,9,Random oversampling,LogisticRegression,0.06224965455449562,0.4388043884051688,0.12734082397003746
0.05,0.4,high,9,Random oversampling,RandomForest,0.231026105584202,0.5108252559108615,0.05263157894736842
0.05,0.4,high,9,SMOTE,LogisticRegression,0.06597102303370087,0.43535188216039283,0.11538461538461539
0.05,0.4,high,9,SMOTE,RandomForest,0.14625147424349272,0.5558553075290751,0.1509433962264151
0.05,0.4,high,9,SepAware-SMOTE,LogisticRegression,0.06429873678590747,0.4487959282302692,0.11715481171548117
0.05,0.4,high,9,SepAware-SMOTE,RandomForest,0.1914694446558794,0.48409286328460877,0.0
0.05,1.0,moderate,0,Real only,LogisticRegression,0.15004639710205742,0.4845360824742268,0.0
0.05,1.0,moderate,0,Real only,RandomForest,0.4325484479674289,0.48497854077253216,0.0
0.05,1.0,moderate,0,Random oversampling,LogisticRegression,0.13145907253602898,0.49001389644673704,0.17467248908296942
0.05,1.0,moderate,0,Random oversampling,RandomForest,0.4122839265660463,0.6085776215829457,0.24390243902439024
0.05,1.0,moderate,0,SMOTE,LogisticRegression,0.12496215372961911,0.4823747680890538,0.15454545454545454
0.05,1.0,moderate,0,SMOTE,RandomForest,0.27320918036489616,0.6312329645662978,0.30303030303030304
0.05,1.0,moderate,0,SepAware-SMOTE,LogisticRegression,0.14025118994637115,0.513203214695752,0.18461538461538463
0.05,1.0,moderate,0,SepAware-SMOTE,RandomForest,0.41535042087328505,0.6052306933135949,0.23809523809523808
0.05,1.0,moderate,1,Real only,LogisticRegression,0.43330704411187476,0.6421356421356421,0.3111111111111111
0.05,1.0,moderate,1,Real only,RandomForest,0.42230230150395925,0.5989304812834224,0.22727272727272727
0.05,1.0,moderate,1,Random oversampling,LogisticRegression,0.419504072597719,0.5533955076842243,0.2608695652173913
0.05,1.0,moderate,1,Random oversampling,RandomForest,0.40840807878051705,0.6243478260869566,0.28
0.05,1.0,moderate,1,SMOTE,LogisticRegression,0.3954477224486845,0.5718428470932381,0.28426395939086296
0.05,1.0,moderate,1,SMOTE,RandomForest,0.311572524281731,0.6942222222222222,0.4266666666666667
0.05,1.0,moderate,1,SepAware-SMOTE,LogisticRegression,0.42599069222403596,0.6029863855950812,0.3151515151515151
0.05,1.0,moderate,1,SepAware-SMOTE,RandomForest,0.38762047929800997,0.6738933510477686,0.3793103448275862
0.05,1.0,moderate,2,Real only,LogisticRegression,0.551898335836187,0.7543859649122807,0.5333333333333333
0.05,1.0,moderate,2,Real only,RandomForest,0.6902431997584808,0.6590837349270818,0.34146341463414637
0.05,1.0,moderate,2,Random oversampling,LogisticRegression,0.43696542025643503,0.6377556263487822,0.36486486486486486
0.05,1.0,moderate,2,Random oversampling,RandomForest,0.6781935234715538,0.7704347826086957,0.56
0.05,1.0,moderate,2,SMOTE,LogisticRegression,0.4619387178969255,0.6497998365732571,0.3795620437956204
0.05,1.0,moderate,2,SMOTE,RandomForest,0.6614021188228385,0.780413419179939,0.5846153846153846
0.05,1.0,moderate,2,SepAware-SMOTE,LogisticRegression,0.4899801980456372,0.6973091294644765,0.4485981308411215
0.05,1.0,moderate,2,SepAware-SMOTE,RandomForest,0.6428267283753627,0.7495652173913043,0.52
0.05,1.0,moderate,3,Real only,LogisticRegression,0.445337105757085,0.6243478260869566,0.28
0.05,1.0,moderate,3,Real only,RandomForest,0.6664660127484536,0.6932997798049702,0.4090909090909091
0.05,1.0,moderate,3,Random oversampling,LogisticRegression,0.4141934809896442,0.6536987916298261,0.3974358974358974
0.05,1.0,moderate,3,Random oversampling,RandomForest,0.6101097386701154,0.6825884400757692,0.39215686274509803
0.05,1.0,moderate,3,SMOTE,LogisticRegression,0.39534787591473275,0.6555023923444976,0.4
0.05,1.0,moderate,3,SMOTE,RandomForest,0.5484444654362629,0.7679611771603938,0.5633802816901409
0.05,1.0,moderate,3,SepAware-SMOTE,LogisticRegression,0.42786501629252294,0.7382960162838035,0.5263157894736842
0.05,1.0,moderate,3,SepAware-SMOTE,RandomForest,0.6016803297771343,0.7030666052321712,0.43137254901960786
0.05,1.0,moderate,4,Real only,LogisticRegression,0.30715367914109337,0.5362088385344199,0.10256410256410256
0.05,1.0,moderate,4,Real only,RandomForest,0.34612312732461026,0.5580715082388097,0.14634146341463414
0.05,1.0,moderate,4,Random oversampling,LogisticRegression,0.26090528425047577,0.49895941052012166,0.1991701244813278
0.05,1.0,moderate,4,Random oversampling,RandomForest,0.47007886105497393,0.6527777777777778,0.3333333333333333
0.05,1.0,moderate,4,SMOTE,LogisticRegression,0.24432507547125412,0.5018410223088585,0.19298245614035087
0.05,1.0,moderate,4,SMOTE,RandomForest,0.49064945787631936,0.7285243358541788,0.48148148148148145
0.05,1.0,moderate,4,SepAware-SMOTE,LogisticRegression,0.22773619438417306,0.5336686888749756,0.2087912087912088
0.05,1.0,moderate,4,SepAware-SMOTE,RandomForest,0.4780887134653377,0.6383090950192148,0.30434782608695654
0.05,1.0,moderate,5,Real only,LogisticRegression,0.21809728113792123,0.48320413436692505,0.0
0.05,1.0,moderate,5,Real only,RandomForest,0.6260021894557111,0.5108252559108615,0.05263157894736842
0.05,1.0,moderate,5,Random oversampling,LogisticRegression,0.2120922982525666,0.5331873232025688,0.2445414847161572
0.05,1.0,moderate,5,Random oversampling,RandomForest,0.5858314571754316,0.691483891558361,0.40816326530612246
0.05,1.0,moderate,5,SMOTE,LogisticRegression,0.1890478382685748,0.5345869803691174,0.242152466367713
0.05,1.0,moderate,5,SMOTE,RandomForest,0.4964140918104033,0.7285936517393174,0.49382716049382713
0.05,1.0,moderate,5,SepAware-SMOTE,LogisticRegression,0.19140442108671024,0.55,0.25
0.05,1.0,moderate,5,SepAware-SMOTE,RandomForest,0.5357642796884665,0.6783704100777271,0.38461538461538464
0.05,1.0,moderate,6,Real only,LogisticRegression,0.2848368367208676,0.5144083384426732,0.05714285714285714
0.05,1.0,moderate,6,Real only,RandomForest,0.6098357007120253,0.6590837349270818,0.34146341463414637
0.05,1.0,moderate,6,Random oversampling,LogisticRegression,0.15872197976152427,0.5093795093795094,0.19047619047619047
0.05,1.0,moderate,6,Random oversampling,RandomForest,0.5839042630515461,0.6984985226427609,0.4186046511627907
0.05,1.0,moderate,6,SMOTE,LogisticRegression,0.17946607123212097,0.5304496300512237,0.21428571428571427
0.05,1.0,moderate,6,SMOTE,RandomForest,0.5334055654262125,0.7377622377622377,0.5
0.05,1.0,moderate,6,SepAware-SMOTE,LogisticRegression,0.22340378161777485,0.5713003279369286,0.25477707006369427
0.05,1.0,moderate,6,SepAware-SMOTE,RandomForest,0.608667085489871,0.6743784044541818,0.37209302325581395
0.05,1.0,moderate,7,Real only,LogisticRegression,0.4425579782596426,0.5956403523041529,0.21621621621621623
0.05,1.0,moderate,7,Real only,RandomForest,0.5715597370485637,0.6120689655172413,0.25
0.05,1.0,moderate,7,Random oversampling,LogisticRegression,0.3616652515535982,0.5551219512195122,0.24
0.05,1.0,moderate,7,Random oversampling,RandomForest,0.7008500371426739,0.8121739130434782,0.64
0.05,1.0,moderate,7,SMOTE,LogisticRegression,0.336914564848838,0.5626696663777914,0.2485207100591716
0.05,1.0,moderate,7,SMOTE,RandomForest,0.5990916890964227,0.7668360223952562,0.5573770491803278
0.05,1.0,moderate,7,SepAware-SMOTE,LogisticRegression,0.37037427100542597,0.6146495817538143,0.3050847457627119
0.05,1.0,moderate,7,SepAware-SMOTE,RandomForest,0.6608070841771765,0.7849792658577792,0.5882352941176471
0.05,1.0,moderate,8,Real only,LogisticRegression,0.2265900357835178,0.5097064864506725,0.05128205128205128
0.05,1.0,moderate,8,Real only,RandomForest,0.5482095216583353,0.5108252559108615,0.05263157894736842
0.05,1.0,moderate,8,Random oversampling,LogisticRegression,0.1912187653890829,0.48556142396597846,0.18032786885245902
0.05,1.0,moderate,8,Random oversampling,RandomForest,0.6869323971955054,0.683520458141813,0.391304347826087
0.05,1.0,moderate,8,SMOTE,LogisticRegression,0.18977563694230334,0.48756879863351676,0.18181818181818182
0.05,1.0,moderate,8,SMOTE,RandomForest,0.59813205773828,0.785431338028169,0.59375
0.05,1.0,moderate,8,SepAware-SMOTE,LogisticRegression,0.21364332153377827,0.5359477124183006,0.2111111111111111
0.05,1.0,moderate,8,SepAware-SMOTE,RandomForest,0.6319466070419422,0.6789134727168717,0.3829787234042553
0.05,1.0,moderate,9,Real only,LogisticRegression,0.21313847730759566,0.5398666077943808,0.10810810810810811
0.05,1.0,moderate,9,Real only,RandomForest,0.4185409799547323,0.5398666077943808,0.10810810810810811
0.05,1.0,moderate,9,Random oversampling,LogisticRegression,0.18691717116229317,0.5015659613474907,0.1792452830188679
0.05,1.0,moderate,9,Random oversampling,RandomForest,0.4657798390144992,0.6789134727168717,0.3829787234042553
0.05,1.0,moderate,9,SMOTE,LogisticRegression,0.20305549127030068,0.5205294766515505,0.2048780487804878
0.05,1.0,moderate,9,SMOTE,RandomForest,0.4539208476990768,0.7155268519586361,0.463768115942029
0.05,1.0,moderate,9,SepAware-SMOTE,LogisticRegression,0.21388599857027116,0.5633936970141572,0.24539877300613497
0.05,1.0,moderate,9,SepAware-SMOTE,RandomForest,0.41214840037868594,0.6702069185623859,0.3673469387755102
0.05,2.0,low,0,Real only,LogisticRegression,0.47203327890564306,0.701057371150191,0.425531914893617
0.05,2.0,low,0,Real only,RandomForest,0.7986792167189679,0.8254799301919721,0.6666666666666666
0.05,2.0,low,0,Random oversampling,LogisticRegression,0.40416651984171004,0.5751916376306621,0.2742857142857143
0.05,2.0,low,0,Random oversampling,RandomForest,0.8085048010380069,0.8877358626347529,0.7868852459016393
0.05,2.0,low,0,SMOTE,LogisticRegression,0.3984213190919165,0.5786285274593743,0.267515923566879
0.05,2.0,low,0,SMOTE,RandomForest,0.7450573397470428,0.8596965287881937,0.7352941176470589
0.05,2.0,low,0,SepAware-SMOTE,LogisticRegression,0.468533442626259,0.6575087484178394,0.3783783783783784
0.05,2.0,low,0,SepAware-SMOTE,RandomForest,0.7923839260247925,0.8771929824561404,0.7666666666666667
0.05,2.0,low,1,Real only,LogisticRegression,0.7377956803439544,0.8576035515349499,0.7301587301587301
0.05,2.0,low,1,Real only,RandomForest,0.7235808989262649,0.8639378649583309,0.7419354838709677
0.05,2.0,low,1,Random oversampling,LogisticRegression,0.7221357199659736,0.6744438415626696,0.42105263157894735
0.05,2.0,low,1,Random oversampling,RandomForest,0.6985502438779961,0.8498241361594498,0.7164179104477612
0.05,2.0,low,1,SMOTE,LogisticRegression,0.7121190038323999,0.6786609444511886,0.42748091603053434
0.05,2.0,low,1,SMOTE,RandomForest,0.682779780018536,0.8482932996207333,0.7142857142857143
0.05,2.0,low,1,SepAware-SMOTE,LogisticRegression,0.7478443632726985,0.776330246429132,0.5869565217391305
0.05,2.0,low,1,SepAware-SMOTE,RandomForest,0.6800786587412094,0.8292104371399526,0.676923076923077
0.05,2.0,low,2,Real only,LogisticRegression,0.8622257623169417,0.9149611655989569,0.8387096774193549
0.05,2.0,low,2,Real only,RandomForest,0.8271432233511966,0.8876123876123876,0.7857142857142857
0.05,2.0,low,2,Random oversampling,LogisticRegression,0.8641299623853811,0.7547292889758643,0.5523809523809524
0.05,2.0,low,2,Random oversampling,RandomForest,0.8557219035734617,0.9197849047074377,0.847457627118644
0.05,2.0,low,2,SMOTE,LogisticRegression,0.862000363808202,0.7743098560537253,0.5858585858585859
0.05,2.0,low,2,SMOTE,RandomForest,0.8706064699364212,0.9089759797724399,0.8285714285714286
0.05,2.0,low,2,SepAware-SMOTE,LogisticRegression,0.8636949275855802,0.8938053097345133,0.8
0.05,2.0,low,2,SepAware-SMOTE,RandomForest,0.8535380233251709,0.8947368421052632,0.8
0.05,2.0,low,3,Real only,LogisticRegression,0.8795480003672427,0.9430701457133175,0.8923076923076924
0.05,2.0,low,3,Real only,RandomForest,0.8387399710311289,0.922278674131752,0.8524590163934426
0.05,2.0,low,3,Random oversampling,LogisticRegression,0.8637171740444789,0.7891872899755854,0.6138613861386139
0.05,2.0,low,3,Random oversampling,RandomForest,0.8560154283321809,0.9246136449302675,0.8571428571428571
0.05,2.0,low,3,SMOTE,LogisticRegression,0.8486036074051646,0.7857066323797278,0.6078431372549019
0.05,2.0,low,3,SMOTE,RandomForest,0.8387131324339703,0.9268044730599797,0.8615384615384616
0.05,2.0,low,3,SepAware-SMOTE,LogisticRegression,0.8802324771401269,0.9154269019336485,0.8405797101449275
0.05,2.0,low,3,SepAware-SMOTE,RandomForest,0.8432259734241901,0.9339788732394366,0.875
0.05,2.0,low,4,Real only,LogisticRegression,0.6049883389236262,0.7235447703885731,0.47058823529411764
0.05,2.0,low,4,Real only,RandomForest,0.6903175811144934,0.7939560439560439,0.6071428571428571
0.05,2.0,low,4,Random oversampling,LogisticRegression,0.5925088864665424,0.6152695250716026,0.33121019108280253
0.05,2.0,low,4,Random oversampling,RandomForest,0.7472814203898007,0.8484825977807158,0.711864406779661
0.05,2.0,low,4,SMOTE,LogisticRegression,0.5796267048461784,0.6369949494949495,0.3611111111111111
0.05,2.0,low,4,SMOTE,RandomForest,0.7481304817638127,0.884463028169014,0.78125
0.05,2.0,low,4,SepAware-SMOTE,LogisticRegression,0.5445982676399012,0.6947496947496947,0.4444444444444444
0.05,2.0,low,4,SepAware-SMOTE,RandomForest,0.7533953882018126,0.8484825977807158,0.711864406779661
0.05,2.0,low,5,Real only,LogisticRegression,0.6355909983332734,0.7030666052321712,0.43137254901960786
0.05,2.0,low,5,Real only,RandomForest,0.8845636375358462,0.9078611215814382,0.8253968253968254
0.05,2.0,low,5,Random oversampling,LogisticRegression,0.6313783044986644,0.6220209059233449,0.35428571428571426
0.05,2.0,low,5,Random oversampling,RandomForest,0.8615281121337254,0.9288640644965815,0.8656716417910447
0.05,2.0,low,5,SMOTE,LogisticRegression,0.6102509957240598,0.623072529982867,0.35294117647058826
0.05,2.0,low,5,SMOTE,RandomForest,0.8529894443992848,0.9154269019336485,0.8405797101449275
0.05,2.0,low,5,SepAware-SMOTE,LogisticRegression,0.6154153309168716,0.7092177958708927,0.47368421052631576
0.05,2.0,low,5,SepAware-SMOTE,RandomForest,0.862758668631387,0.9358666025332691,0.8787878787878788
0.05,2.0,low,6,Real only,LogisticRegression,0.6242635414409191,0.7645011007013771,0.5490196078431373
0.05,2.0,low,6,Real only,RandomForest,0.867235044401306,0.8802781231293457,0.7719298245614035
0.05,2.0,low,6,Random oversampling,LogisticRegression,0.5725383166361016,0.6397281585196103,0.36231884057971014
0.05,2.0,low,6,Random oversampling,RandomForest,0.8783055403118313,0.922278674131752,0.8524590163934426
0.05,2.0,low,6,SMOTE,LogisticRegression,0.5673047853054598,0.6490758292169035,0.37593984962406013
0.05,2.0,low,6,SMOTE,RandomForest,0.8571798561465828,0.9174735915492958,0.84375
0.05,2.0,low,6,SepAware-SMOTE,LogisticRegression,0.5986718603047795,0.7277763123186494,0.49411764705882355
0.05,2.0,low,6,SepAware-SMOTE,RandomForest,0.8603267631376664,0.9050072683832525,0.819672131147541
0.05,2.0,low,7,Real only,LogisticRegression,0.8235931450079966,0.8519517691763583,0.7169811320754716
0.05,2.0,low,7,Real only,RandomForest,0.8973357323607769,0.9197849047074377,0.847457627118644
0.05,2.0,low,7,Random oversampling,LogisticRegression,0.7649851802540272,0.7242647058823529,0.5
0.05,2.0,low,7,Random oversampling,RandomForest,0.9051562663830502,0.9197849047074377,0.847457627118644
0.05,2.0,low,7,SMOTE,LogisticRegression,0.7598849733190491,0.712409286993668,0.47706422018348627
0.05,2.0,low,7,SMOTE,RandomForest,0.8921072475911184,0.8979533987187482,0.8064516129032258
0.05,2.0,low,7,SepAware-SMOTE,LogisticRegression,0.8136416723575137,0.8468476133753085,0.7123287671232876
0.05,2.0,low,7,SepAware-SMOTE,RandomForest,0.9079373510695349,0.9197849047074377,0.847457627118644
0.05,2.0,low,8,Real only,LogisticRegression,0.614352001454648,0.7673065735892961,0.5555555555555556
0.05,2.0,low,8,Real only,RandomForest,0.820073121584438,0.8663081745123962,0.7457627118644068
0.05,2.0,low,8,Random oversampling,LogisticRegression,0.5351848677056761,0.6162100442972519,0.33540372670807456
0.05,2.0,low,8,Random oversampling,RandomForest,0.8325585303851077,0.9174735915492958,0.84375
0.05,2.0,low,8,SMOTE,LogisticRegression,0.5634006785715532,0.6154832094334786,0.3373493975903614
0.05,2.0,low,8,SMOTE,RandomForest,0.8562207158124707,0.9176636435085268,0.8450704225352113
0.05,2.0,low,8,SepAware-SMOTE,LogisticRegression,0.6022038287320669,0.6921069797782127,0.4380952380952381
0.05,2.0,low,8,SepAware-SMOTE,RandomForest,0.8419156407594762,0.9174735915492958,0.84375
0.05,2.0,low,9,Real only,LogisticRegression,0.6105290442567072,0.7788796569284374,0.5769230769230769
0.05,2.0,low,9,Real only,RandomForest,0.7715797812423054,0.8054574310141811,0.6274509803921569
0.05,2.0,low,9,Random oversampling,LogisticRegression,0.6095440213313176,0.6561041513141734,0.391304347826087
0.05,2.0,low,9,Random oversampling,RandomForest,0.7905799540376536,0.8771929824561404,0.7666666666666667
0.05,2.0,low,9,SMOTE,LogisticRegression,0.6138841892352093,0.6615228614885853,0.3969465648854962
0.05,2.0,low,9,SMOTE,RandomForest,0.7789077151368747,0.8780074550999661,0.7692307692307693
0.05,2.0,low,9,SepAware-SMOTE,LogisticRegression,0.6169081354408416,0.7183819764464925,0.47619047619047616
0.05,2.0,low,9,SepAware-SMOTE,RandomForest,0.7443247752706413,0.8550637115767861,0.7241379310344828
0.15,0.4,high,0,Real only,LogisticRegression,0.21644878210502755,0.4584837545126354,0.0
0.15,0.4,high,0,Real only,RandomForest,0.6460109123772375,0.6031746031746033,0.2777777777777778
0.15,0.4,high,0,Random oversampling,LogisticRegression,0.21156277182413358,0.5010837116100274,0.28654970760233917
0.15,0.4,high,0,Random oversampling,RandomForest,0.6969704277616376,0.7518290739698533,0.5611510791366906
0.15,0.4,high,0,SMOTE,LogisticRegression,0.19997496798980913,0.5128118158552003,0.3008849557522124
0.15,0.4,high,0,SMOTE,RandomForest,0.6382121744888367,0.769198606271777,0.6057142857142858
0.15,0.4,high,0,SepAware-SMOTE,LogisticRegression,0.21397368716892956,0.5345899861338019,0.33136094674556216
0.15,0.4,high,0,SepAware-SMOTE,RandomForest,0.6956285702335713,0.7657971167904942,0.5874125874125874
0.15,0.4,high,1,Real only,LogisticRegression,0.2587546357935096,0.4678442028985507,0.020833333333333332
0.15,0.4,high,1,Real only,RandomForest,0.5538789866046614,0.6201162091765178,0.3130434782608696
0.15,0.4,high,1,Random oversampling,LogisticRegression,0.2303708660131841,0.5013246065139473,0.3118279569892473
0.15,0.4,high,1,Random oversampling,RandomForest,0.5551616400696424,0.7066682739637956,0.48226950354609927
0.15,0.4,high,1,SMOTE,LogisticRegression,0.2334452908863882,0.5085898494319299,0.31693989071038253
0.15,0.4,high,1,SMOTE,RandomForest,0.4553264729711006,0.6589781746031746,0.4270833333333333
0.15,0.4,high,1,SepAware-SMOTE,LogisticRegression,0.24258642764446794,0.5193084643659032,0.3086053412462908
0.15,0.4,high,1,SepAware-SMOTE,RandomForest,0.5532501579136829,0.7058342866481452,0.4827586206896552
0.15,0.4,high,2,Real only,LogisticRegression,0.4409039147919481,0.6296296296296297,0.3333333333333333
0.15,0.4,high,2,Real only,RandomForest,0.7234044769470359,0.6988959518233523,0.45901639344262296
0.15,0.4,high,2,Random oversampling,LogisticRegression,0.3088682323884659,0.5922274132771608,0.4012539184952978
0.15,0.4,high,2,Random oversampling,RandomForest,0.7401205590720955,0.7629236734775882,0.5815602836879432
0.15,0.4,high,2,SMOTE,LogisticRegression,0.3514626049359206,0.5981596878457864,0.4025974025974026
0.15,0.4,high,2,SMOTE,RandomForest,0.7031357390093002,0.7808835378613538,0.6227544910179641
0.15,0.4,high,2,SepAware-SMOTE,LogisticRegression,0.37558519994478823,0.6174771483664553,0.41155234657039713
0.15,0.4,high,2,SepAware-SMOTE,RandomForest,0.715699909460158,0.7499189552169685,0.5594405594405595
0.15,0.4,high,3,Real only,LogisticRegression,0.2814423621241599,0.45652173913043476,0.0
0.15,0.4,high,3,Real only,RandomForest,0.7061183626565336,0.6666666666666667,0.4
0.15,0.4,high,3,Random oversampling,LogisticRegression,0.2609914719943889,0.589274107673798,0.40718562874251496
0.15,0.4,high,3,Random oversampling,RandomForest,0.742950857288115,0.7863247863247863,0.6282051282051282
0.15,0.4,high,3,SMOTE,LogisticRegression,0.25632202020873257,0.5866477272727273,0.39375
0.15,0.4,high,3,SMOTE,RandomForest,0.7402101638348126,0.812402292860865,0.6842105263157895
0.15,0.4,high,3,SepAware-SMOTE,LogisticRegression,0.25904751660014036,0.5776050424765914,0.3713355048859935
0.15,0.4,high,3,SepAware-SMOTE,RandomForest,0.7299106263366226,0.7635521445045255,0.5850340136054422
0.15,0.4,high,4,Real only,LogisticRegression,0.34999172421296776,0.4990779731924146,0.08080808080808081
0.15,0.4,high,4,Real only,RandomForest,0.6259915663295998,0.6428459538206084,0.3559322033898305
0.15,0.4,high,4,Random oversampling,LogisticRegression,0.2991852924737156,0.5223179054300704,0.3081570996978852
0.15,0.4,high,4,Random oversampling,RandomForest,0.6341102233844707,0.7136787056708612,0.496551724137931
0.15,0.4,high,4,SMOTE,LogisticRegression,0.2878150339908734,0.5288928283529745,0.3161094224924012
0.15,0.4,high,4,SMOTE,RandomForest,0.6406379521373081,0.743442203229672,0.5668449197860963
0.15,0.4,high,4,SepAware-SMOTE,LogisticRegression,0.319723721242948,0.560162413257419,0.33217993079584773
0.15,0.4,high,4,SepAware-SMOTE,RandomForest,0.6080419837911509,0.6864063089228652,0.44755244755244755
0.15,0.4,high,5,Real only,LogisticRegression,0.2138265263534336,0.45652173913043476,0.0
0.15,0.4,high,5,Real only,RandomForest,0.5274381232255905,0.5942132634737521,0.2689075630252101
0.15,0.4,high,5,Random oversampling,LogisticRegression,0.20293982296655994,0.5073778830333223,0.31607629427792916
0.15,0.4,high,5,Random oversampling,RandomForest,0.5660048432195991,0.6994142431404788,0.47297297297297297
0.15,0.4,high,5,SMOTE,LogisticRegression,0.19161514941214977,0.51522843469813,0.32697547683923706
0.15,0.4,high,5,SMOTE,RandomForest,0.5648956106810519,0.7259699856537227,0.5355191256830601
0.15,0.4,high,5,SepAware-SMOTE,LogisticRegression,0.20010644835840236,0.5090892561927818,0.3037249283667622
0.15,0.4,high,5,SepAware-SMOTE,RandomForest,0.5107336752707254,0.6839995889425547,0.44594594594594594
0.15,0.4,high,6,Real only,LogisticRegression,0.35454100087920853,0.5081036766096992,0.09900990099009901
0.15,0.4,high,6,Real only,RandomForest,0.716121567484681,0.6659880391907367,0.39655172413793105
0.15,0.4,high,6,Random oversampling,LogisticRegression,0.25482726463419425,0.5251456939348155,0.3185840707964602
0.15,0.4,high,6,Random oversampling,RandomForest,0.6849789713417987,0.7355555706236142,0.5323741007194245
0.15,0.4,high,6,SMOTE,LogisticRegression,0.270595280772988,0.5175567250452937,0.3044776119402985
0.15,0.4,high,6,SMOTE,RandomForest,0.5956773892925786,0.7556782191656863,0.5813953488372093
0.15,0.4,high,6,SepAware-SMOTE,LogisticRegression,0.3011194474901985,0.551337359792925,0.3157894736842105
0.15,0.4,high,6,SepAware-SMOTE,RandomForest,0.6757482434982727,0.7586191482704232,0.5771812080536913
0.15,0.4,high,7,Real only,LogisticRegression,0.4782790803474144,0.5606985963784421,0.19607843137254902
0.15,0.4,high,7,Real only,RandomForest,0.6964112299550352,0.594702054706672,0.2616822429906542
0.15,0.4,high,7,Random oversampling,LogisticRegression,0.3725165557072357,0.5840348618401505,0.391304347826087
0.15,0.4,high,7,Random oversampling,RandomForest,0.7365093412051514,0.7635521445045255,0.5850340136054422
0.15,0.4,high,7,SMOTE,LogisticRegression,0.392666844984627,0.585340180536506,0.3925233644859813
0.15,0.4,high,7,SMOTE,RandomForest,0.6839734977773452,0.7755355429166282,0.6187845303867403
0.15,0.4,high,7,SepAware-SMOTE,LogisticRegression,0.3978024526473451,0.6011835353370379,0.3944636678200692
0.15,0.4,high,7,SepAware-SMOTE,RandomForest,0.717464288283006,0.7379508786352893,0.5405405405405406
0.15,0.4,high,8,Real only,LogisticRegression,0.3796844890776384,0.45701357466063347,0.0
0.15,0.4,high,8,Real only,RandomForest,0.7298286804752114,0.6141039314179646,0.3008849557522124
0.15,0.4,high,8,Random oversampling,LogisticRegression,0.26219776389953614,0.4938181818181818,0.304
0.15,0.4,high,8,Random oversampling,RandomForest,0.7163118505451991,0.7711489898989898,0.5972222222222222
0.15,0.4,high,8,SMOTE,LogisticRegression,0.27455568945044523,0.4984009872742473,0.29608938547486036
0.15,0.4,high,8,SMOTE,RandomForest,0.6712420930874584,0.7647179172420848,0.5964912280701754
0.15,0.4,high,8,SepAware-SMOTE,LogisticRegression,0.3193866346120881,0.513996622688395,0.30177514792899407
0.15,0.4,high,8,SepAware-SMOTE,RandomForest,0.7130697845485336,0.7662820324523145,0.5906040268456376
0.15,0.4,high,9,Real only,LogisticRegression,0.323796236767078,0.45701357466063347,0.0
0.15,0.4,high,9,Real only,RandomForest,0.5382031086741244,0.5681632045268409,0.21621621621621623
0.15,0.4,high,9,Random oversampling,LogisticRegression,0.2801304737098328,0.48412698412698413,0.2777777777777778
0.15,0.4,high,9,Random oversampling,RandomForest,0.5304290971436784,0.66277109134252,0.40816326530612246
0.15,0.4,high,9,SMOTE,LogisticRegression,0.27076872367568716,0.4720504005416881,0.2670299727520436
0.15,0.4,high,9,SMOTE,RandomForest,0.48074998557592896,0.6487804878048781,0.4
0.15,0.4,high,9,SepAware-SMOTE,LogisticRegression,0.32290547141973663,0.49865603575850925,0.2905982905982906
0.15,0.4,high,9,SepAware-SMOTE,RandomForest,0.5042178430282116,0.6782758687520593,0.43537414965986393
0.15,1.0,moderate,0,Real only,LogisticRegression,0.4486087622285313,0.5433985173277698,0.16822429906542055
0.15,1.0,moderate,0,Real only,RandomForest,0.7986611289584356,0.7595090667846085,0.5735294117647058
0.15,1.0,moderate,0,Random oversampling,LogisticRegression,0.3966673330810098,0.6299342105263158,0.4473684210526316
0.15,1.0,moderate,0,Random oversampling,RandomForest,0.8186136476356299,0.8461932837733914,0.7349397590361446
0.15,1.0,moderate,0,SMOTE,LogisticRegression,0.3751658596504986,0.6371627900116521,0.45695364238410596
0.15,1.0,moderate,0,SMOTE,RandomForest,0.8146201871054295,0.848033725256232,0.7398843930635838
0.15,1.0,moderate,0,SepAware-SMOTE,LogisticRegression,0.40909761913000714,0.6567545795243599,0.4731182795698925
0.15,1.0,moderate,0,SepAware-SMOTE,RandomForest,0.8035332441629658,0.8559508124725516,0.7515151515151515
0.15,1.0,moderate,1,Real only,LogisticRegression,0.5530373151104453,0.6860282574568289,0.4489795918367347
0.15,1.0,moderate,1,Real only,RandomForest,0.7404919084170121,0.7461721116842708,0.5507246376811594
0.15,1.0,moderate,1,Random oversampling,LogisticRegression,0.5307772640176089,0.6448748991121873,0.47619047619047616
0.15,1.0,moderate,1,Random oversampling,RandomForest,0.7384305404342537,0.8142634419798391,0.6820809248554913
0.15,1.0,moderate,1,SMOTE,LogisticRegression,0.5182638632588784,0.6418379826451576,0.4675324675324675
0.15,1.0,moderate,1,SMOTE,RandomForest,0.7020055789271411,0.7755728797543113,0.6274509803921569
0.15,1.0,moderate,1,SepAware-SMOTE,LogisticRegression,0.5486365287418209,0.6814781947261663,0.5073529411764706
0.15,1.0,moderate,1,SepAware-SMOTE,RandomForest,0.6959156665365065,0.7808835378613538,0.6227544910179641
0.15,1.0,moderate,2,Real only,LogisticRegression,0.8153628069339907,0.8544645656713857,0.7484662576687117
0.15,1.0,moderate,2,Real only,RandomForest,0.9089330631679335,0.8476190476190476,0.7333333333333333
0.15,1.0,moderate,2,Random oversampling,LogisticRegression,0.7869191793889491,0.7995639637105281,0.6779661016949152
0.15,1.0,moderate,2,Random oversampling,RandomForest,0.9140608636407764,0.9088202351537392,0.8439306358381503
0.15,1.0,moderate,2,SMOTE,LogisticRegression,0.7971527925613254,0.8125602727383857,0.6960352422907489
0.15,1.0,moderate,2,SMOTE,RandomForest,0.8943197656541693,0.9121660820108546,0.850828729281768
0.15,1.0,moderate,2,SepAware-SMOTE,LogisticRegression,0.8202655086369536,0.8451346468209584,0.7411167512690355
0.15,1.0,moderate,2,SepAware-SMOTE,RandomForest,0.912314089459956,0.8786840790694355,0.7901234567901234
0.15,1.0,moderate,3,Real only,LogisticRegression,0.7881487754068737,0.8295760850032752,0.7065868263473054
0.15,1.0,moderate,3,Real only,RandomForest,0.8703654002241833,0.8522717946451682,0.7417218543046358
0.15,1.0,moderate,3,Random oversampling,LogisticRegression,0.7723809820970671,0.8302352699087729,0.7295081967213115
0.15,1.0,moderate,3,Random oversampling,RandomForest,0.8784675768563811,0.9171595672415793,0.8587570621468926
0.15,1.0,moderate,3,SMOTE,LogisticRegression,0.7779765979700531,0.8470356565159294,0.7542372881355932
0.15,1.0,moderate,3,SMOTE,RandomForest,0.8722544753808895,0.891033058494492,0.8167539267015707
0.15,1.0,moderate,3,SepAware-SMOTE,LogisticRegression,0.7820539464051889,0.8658618376928235,0.7793427230046949
0.15,1.0,moderate,3,SepAware-SMOTE,RandomForest,0.8769443624126744,0.9011133275365284,0.8304093567251462
0.15,1.0,moderate,4,Real only,LogisticRegression,0.516710014071068,0.6441497612457799,0.36065573770491804
0.15,1.0,moderate,4,Real only,RandomForest,0.7595409503276603,0.8045964533617711,0.6577181208053692
0.15,1.0,moderate,4,Random oversampling,LogisticRegression,0.47867036321512674,0.6094088074927282,0.40955631399317405
0.15,1.0,moderate,4,Random oversampling,RandomForest,0.7648213250298354,0.8252335820393897,0.7011494252873564
0.15,1.0,moderate,4,SMOTE,LogisticRegression,0.48795251695187947,0.6259279194854379,0.42704626334519574
0.15,1.0,moderate,4,SMOTE,RandomForest,0.7649194846724983,0.829703136826171,0.7127659574468085
0.15,1.0,moderate,4,SepAware-SMOTE,LogisticRegression,0.49724963419974877,0.6456958847194667,0.43724696356275305
0.15,1.0,moderate,4,SepAware-SMOTE,RandomForest,0.7647819791067911,0.8131309121776356,0.6751592356687898
0.15,1.0,moderate,5,Real only,LogisticRegression,0.4008375242136531,0.5568995405747869,0.20168067226890757
0.15,1.0,moderate,5,Real only,RandomForest,0.6895432254945889,0.7504613864989214,0.5616438356164384
0.15,1.0,moderate,5,Random oversampling,LogisticRegression,0.3710486410041979,0.6054505494505494,0.4246153846153846
0.15,1.0,moderate,5,Random oversampling,RandomForest,0.7227413234602141,0.8075093853245605,0.6705202312138728
0.15,1.0,moderate,5,SMOTE,LogisticRegression,0.3496338914403367,0.6081490869167687,0.42724458204334365
0.15,1.0,moderate,5,SMOTE,RandomForest,0.7290070735832458,0.811680927805877,0.6839378238341969
0.15,1.0,moderate,5,SepAware-SMOTE,LogisticRegression,0.3846125279307224,0.6125602558904357,0.41496598639455784
0.15,1.0,moderate,5,SepAware-SMOTE,RandomForest,0.6946883405698756,0.7828250837028323,0.627906976744186
0.15,1.0,moderate,6,Real only,LogisticRegression,0.5170106909899064,0.6561041513141734,0.391304347826087
0.15,1.0,moderate,6,Real only,RandomForest,0.8819120213919664,0.8571001093123096,0.7515923566878981
0.15,1.0,moderate,6,Random oversampling,LogisticRegression,0.4490191640064299,0.648757788292672,0.4713804713804714
0.15,1.0,moderate,6,Random oversampling,RandomForest,0.8628064021658585,0.8682958952220677,0.7745664739884393
0.15,1.0,moderate,6,SMOTE,LogisticRegression,0.45418387439566454,0.6426631707088679,0.4610169491525424
0.15,1.0,moderate,6,SMOTE,RandomForest,0.856218950977128,0.8972954467648065,0.8260869565217391
0.15,1.0,moderate,6,SepAware-SMOTE,LogisticRegression,0.5019793800038969,0.6707255179471098,0.48249027237354086
0.15,1.0,moderate,6,SepAware-SMOTE,RandomForest,0.8654499533134341,0.8725888004407738,0.7810650887573964
0.15,1.0,moderate,7,Real only,LogisticRegression,0.7205122205548439,0.7914131757343994,0.6363636363636364
0.15,1.0,moderate,7,Real only,RandomForest,0.8882966078066514,0.8429108742712277,0.7248322147651006
0.15,1.0,moderate,7,Random oversampling,LogisticRegression,0.690265899585503,0.7165460252386138,0.5597014925373134
0.15,1.0,moderate,7,Random oversampling,RandomForest,0.8833184967776385,0.8982266263220964,0.8268156424581006
0.15,1.0,moderate,7,SMOTE,LogisticRegression,0.6949979653396638,0.7215215417213197,0.5660377358490566
0.15,1.0,moderate,7,SMOTE,RandomForest,0.8834003859996292,0.8981994019214863,0.8279569892473119
0.15,1.0,moderate,7,SepAware-SMOTE,LogisticRegression,0.6959619587814673,0.7507136826022275,0.5974025974025974
0.15,1.0,moderate,7,SepAware-SMOTE,RandomForest,0.8570074092351264,0.8818040085326249,0.7976878612716763
0.15,1.0,moderate,8,Real only,LogisticRegression,0.5457281014035154,0.6259010310532559,0.32786885245901637
0.15,1.0,moderate,8,Real only,RandomForest,0.8848686991726297,0.8371201838395445,0.7152317880794702
0.15,1.0,moderate,8,Random oversampling,LogisticRegression,0.4684905448941115,0.6025706071368171,0.41975308641975306
0.15,1.0,moderate,8,Random oversampling,RandomForest,0.8777673906615491,0.9076496844697552,0.8426966292134831
0.15,1.0,moderate,8,SMOTE,LogisticRegression,0.479825543596001,0.6047883613036256,0.4177215189873418
0.15,1.0,moderate,8,SMOTE,RandomForest,0.8468500843127269,0.8701374115113154,0.7807486631016043
0.15,1.0,moderate,8,SepAware-SMOTE,LogisticRegression,0.5250961621714748,0.6362512760539912,0.4404332129963899
0.15,1.0,moderate,8,SepAware-SMOTE,RandomForest,0.8700708856109258,0.8981992579857027,0.8255813953488372
0.15,1.0,moderate,9,Real only,LogisticRegression,0.5201119280837474,0.669361596122925,0.4065040650406504
0.15,1.0,moderate,9,Real only,RandomForest,0.7767167399544935,0.7569198865626137,0.5693430656934306
0.15,1.0,moderate,9,Random oversampling,LogisticRegression,0.5057617770671362,0.5964381278238364,0.39869281045751637
0.15,1.0,moderate,9,Random oversampling,RandomForest,0.7717517928551532,0.8104910226195972,0.6708860759493671
0.15,1.0,moderate,9,SMOTE,LogisticRegression,0.5020638406385454,0.5776050424765914,0.3713355048859935
0.15,1.0,moderate,9,SMOTE,RandomForest,0.7487232266491655,0.8152993689395105,0.6853932584269663
0.15,1.0,moderate,9,SepAware-SMOTE,LogisticRegression,0.5158830181280523,0.6156341424601863,0.39846743295019155
0.15,1.0,moderate,9,SepAware-SMOTE,RandomForest,0.7529248243129029,0.7865048598235855,0.6274509803921569
0.15,2.0,low,0,Real only,LogisticRegression,0.771867756171795,0.8184905077944127,0.6838709677419355
0.15,2.0,low,0,Real only,RandomForest,0.9461136073814621,0.9223283484642963,0.8670520231213873
0.15,2.0,low,0,Random oversampling,LogisticRegression,0.7390888647562303,0.74354186118892,0.596078431372549
0.15,2.0,low,0,Random oversampling,RandomForest,0.9448432461405657,0.9456796698176009,0.9081081081081082
0.15,2.0,low,0,SMOTE,LogisticRegression,0.7367110164068751,0.7538677918424754,0.6111111111111112
0.15,2.0,low,0,SMOTE,RandomForest,0.9425752640683882,0.9422286888052037,0.9021739130434783
0.15,2.0,low,0,SepAware-SMOTE,LogisticRegression,0.7541484832022622,0.7789721762364021,0.6437768240343348
0.15,2.0,low,0,SepAware-SMOTE,RandomForest,0.9372017787276206,0.9237868018622529,0.8700564971751412
0.15,2.0,low,1,Real only,LogisticRegression,0.8885847593089352,0.9073359073359073,0.8432432432432433
0.15,2.0,low,1,Real only,RandomForest,0.9159470878790305,0.9186722981581987,0.861878453038674
0.15,2.0,low,1,Random oversampling,LogisticRegression,0.8864362323509193,0.8461946671823493,0.7510917030567685
0.15,2.0,low,1,Random oversampling,RandomForest,0.9250255649848552,0.9243125052560761,0.8723404255319149
0.15,2.0,low,1,SMOTE,LogisticRegression,0.8800906605341949,0.8418506158444239,0.7445887445887446
0.15,2.0,low,1,SMOTE,RandomForest,0.918646811469361,0.926215900473448,0.8762886597938144
0.15,2.0,low,1,SepAware-SMOTE,LogisticRegression,0.8894341525224526,0.8861596392136258,0.8115942028985508
0.15,2.0,low,1,SepAware-SMOTE,RandomForest,0.910893564684412,0.9287549385781213,0.8791208791208791
0.15,2.0,low,2,Real only,LogisticRegression,0.9589496495856361,0.9648515510584477,0.9405405405405406
0.15,2.0,low,2,Real only,RandomForest,0.9452158232860273,0.9611390574062479,0.9340659340659341
0.15,2.0,low,2,Random oversampling,LogisticRegression,0.9578636980798036,0.9657532469554118,0.9424083769633508
0.15,2.0,low,2,Random oversampling,RandomForest,0.9304606794975685,0.9712421781387299,0.9513513513513514
0.15,2.0,low,2,SMOTE,LogisticRegression,0.960306823146613,0.9654593126403215,0.9417989417989417
0.15,2.0,low,2,SMOTE,RandomForest,0.9336074196255048,0.9681873131004645,0.946236559139785
0.15,2.0,low,2,SepAware-SMOTE,LogisticRegression,0.9576424209631527,0.9648515510584477,0.9405405405405406
0.15,2.0,low,2,SepAware-SMOTE,RandomForest,0.9360940065398686,0.9642158111896074,0.9392265193370166
0.15,2.0,low,3,Real only,LogisticRegression,0.9456125255185706,0.9809123878602787,0.967741935483871
0.15,2.0,low,3,Real only,RandomForest,0.9427270294578051,0.9840234322992945,0.972972972972973
0.15,2.0,low,3,Random oversampling,LogisticRegression,0.9516997863958372,0.9657532469554118,0.9424083769633508
0.15,2.0,low,3,Random oversampling,RandomForest,0.9460326776342857,0.9809123878602787,0.967741935483871
0.15,2.0,low,3,SMOTE,LogisticRegression,0.9530538573717835,0.9687337154768108,0.9473684210526315
0.15,2.0,low,3,SMOTE,RandomForest,0.9337296666020626,0.9809123878602787,0.967741935483871
0.15,2.0,low,3,SepAware-SMOTE,LogisticRegression,0.9447400648232545,0.9809123878602787,0.967741935483871
0.15,2.0,low,3,SepAware-SMOTE,RandomForest,0.946156447800962,0.9743238616912017,0.9565217391304348
0.15,2.0,low,4,Real only,LogisticRegression,0.7882790590641306,0.8277873112225269,0.7006369426751592
0.15,2.0,low,4,Real only,RandomForest,0.9229750329446236,0.9364459930313589,0.8914285714285715
0.15,2.0,low,4,Random oversampling,LogisticRegression,0.7963201061681393,0.7955939132409722,0.6722689075630253
0.15,2.0,low,4,Random oversampling,RandomForest,0.9236239167039169,0.9507548191881111,0.9162011173184358
0.15,2.0,low,4,SMOTE,LogisticRegression,0.7894511695816283,0.7922278837375596,0.6637554585152838
0.15,2.0,low,4,SMOTE,RandomForest,0.92877837194498,0.9477124183006536,0.9111111111111111
0.15,2.0,low,4,SepAware-SMOTE,LogisticRegression,0.794560507550843,0.7869915357162877,0.6513761467889908
0.15,2.0,low,4,SepAware-SMOTE,RandomForest,0.9246897537543036,0.9472283911255744,0.9101123595505618
0.15,2.0,low,5,Real only,LogisticRegression,0.7404261359428592,0.8042459975297709,0.6626506024096386
0.15,2.0,low,5,Real only,RandomForest,0.9205648707655274,0.9310567468633555,0.88268156424581
0.15,2.0,low,5,Random oversampling,LogisticRegression,0.7315860419757085,0.7772146940374328,0.6513409961685823
0.15,2.0,low,5,Random oversampling,RandomForest,0.9199541171571033,0.9089381878699385,0.8465608465608465
0.15,2.0,low,5,SMOTE,LogisticRegression,0.7211867918229166,0.774706933332233,0.6459143968871596
0.15,2.0,low,5,SMOTE,RandomForest,0.915490259896746,0.9069940476190477,0.84375
0.15,2.0,low,5,SepAware-SMOTE,LogisticRegression,0.7385423600596663,0.7894017094017094,0.6577777777777778
0.15,2.0,low,5,SepAware-SMOTE,RandomForest,0.9172142178133071,0.9165525504964054,0.8586956521739131
0.15,2.0,low,6,Real only,LogisticRegression,0.8434109401233068,0.8628571428571428,0.7657142857142857
0.15,2.0,low,6,Real only,RandomForest,0.9754416004573392,0.967017744453484,0.9438202247191011
0.15,2.0,low,6,Random oversampling,LogisticRegression,0.8330385575239134,0.8141954663693793,0.7008547008547008
0.15,2.0,low,6,Random oversampling,RandomForest,0.9782550829981318,0.9745498504803716,0.956989247311828
0.15,2.0,low,6,SMOTE,LogisticRegression,0.8366803566562221,0.8236677115987461,0.7155172413793104
0.15,2.0,low,6,SMOTE,RandomForest,0.9781075780944937,0.9743238616912017,0.9565217391304348
0.15,2.0,low,6,SepAware-SMOTE,LogisticRegression,0.8527191628466981,0.8682300817355435,0.7830188679245284
0.15,2.0,low,6,SepAware-SMOTE,RandomForest,0.9763598388267721,0.9774328223479536,0.9617486338797814
0.15,2.0,low,7,Real only,LogisticRegression,0.9432521528169351,0.9364459930313589,0.8914285714285715
0.15,2.0,low,7,Real only,RandomForest,0.9337897115596767,0.9738562091503269,0.9555555555555556
0.15,2.0,low,7,Random oversampling,LogisticRegression,0.9405750974541198,0.8961038961038961,0.8285714285714286
0.15,2.0,low,7,Random oversampling,RandomForest,0.9409130060859144,0.9838805873913954,0.9726775956284153
0.15,2.0,low,7,SMOTE,LogisticRegression,0.9423722559736452,0.8945127073118322,0.8252427184466019
0.15,2.0,low,7,SMOTE,RandomForest,0.9479907143488674,0.9807428962684013,0.967391304347826
0.15,2.0,low,7,SepAware-SMOTE,LogisticRegression,0.9439055811353647,0.9207252622164404,0.8673469387755102
0.15,2.0,low,7,SepAware-SMOTE,RandomForest,0.9443548325296495,0.9772282434842956,0.9613259668508287
0.15,2.0,low,8,Real only,LogisticRegression,0.8053816865830654,0.8492290119931467,0.7411764705882353
0.15,2.0,low,8,Real only,RandomForest,0.914286670214166,0.943668505724274,0.903954802259887
0.15,2.0,low,8,Random oversampling,LogisticRegression,0.7899443521877416,0.7584811702458761,0.6196078431372549
0.15,2.0,low,8,Random oversampling,RandomForest,0.9258271707315866,0.9546622336406226,0.9230769230769231
0.15,2.0,low,8,SMOTE,LogisticRegression,0.8000641855881571,0.773143408201673,0.6396761133603239
0.15,2.0,low,8,SMOTE,RandomForest,0.9330029431523438,0.9512033788949192,0.9171270718232044
0.15,2.0,low,8,SepAware-SMOTE,LogisticRegression,0.8057200039593037,0.8154871460634963,0.6995515695067265
0.15,2.0,low,8,SepAware-SMOTE,RandomForest,0.9298366455298913,0.9472283911255744,0.9101123595505618
0.15,2.0,low,9,Real only,LogisticRegression,0.8137696699875802,0.8239601475738337,0.6928104575163399
0.15,2.0,low,9,Real only,RandomForest,0.9410057227944909,0.9215726390806949,0.8654970760233918
0.15,2.0,low,9,Random oversampling,LogisticRegression,0.8158151448575701,0.8206244511295053,0.7064220183486238
0.15,2.0,low,9,Random oversampling,RandomForest,0.9453985590691462,0.9310567468633555,0.88268156424581
0.15,2.0,low,9,SMOTE,LogisticRegression,0.8127828780111631,0.8128831357435102,0.6940639269406392
0.15,2.0,low,9,SMOTE,RandomForest,0.948284581222599,0.9287549385781213,0.8791208791208791
0.15,2.0,low,9,SepAware-SMOTE,LogisticRegression,0.8113141040647802,0.8405977043900694,0.7292817679558011
0.15,2.0,low,9,SepAware-SMOTE,RandomForest,0.945664537144344,0.929082405119575,0.8786127167630058
0.3,0.4,high,0,Real only,LogisticRegression,0.3473399867762005,0.46233209858203267,0.11374407582938388
0.3,0.4,high,0,Real only,RandomForest,0.7788809077193101,0.7787577987875927,0.6688741721854304
0.3,0.4,high,0,Random oversampling,LogisticRegression,0.3407251840378748,0.5383120760804656,0.42058165548098436
0.3,0.4,high,0,Random oversampling,RandomForest,0.770262329863868,0.7974537037037037,0.7083333333333334
0.3,0.4,high,0,SMOTE,LogisticRegression,0.34030307429221357,0.5397835544529537,0.4155251141552511
0.3,0.4,high,0,SMOTE,RandomForest,0.7646194391444889,0.8055555555555556,0.7277777777777777
0.3,0.4,high,0,SepAware-SMOTE,LogisticRegression,0.34212621703414037,0.5379600998101697,0.416289592760181
0.3,0.4,high,0,SepAware-SMOTE,RandomForest,0.774716561850429,0.8091576661918658,0.7245508982035929
0.3,0.4,high,1,Real only,LogisticRegression,0.5201542235679513,0.5668182802685726,0.2982456140350877
0.3,0.4,high,1,Real only,RandomForest,0.7851001833892924,0.7510711483917687,0.6232876712328768
0.3,0.4,high,1,Random oversampling,LogisticRegression,0.4952380789503191,0.584056712962963,0.4675925925925926
0.3,0.4,high,1,Random oversampling,RandomForest,0.780399238201003,0.7775916747896046,0.6804733727810651
0.3,0.4,high,1,SMOTE,LogisticRegression,0.47772541228759924,0.5596250797126734,0.4377880184331797
0.3,0.4,high,1,SMOTE,RandomForest,0.723219289085728,0.7204323978912615,0.6067415730337079
0.3,0.4,high,1,SepAware-SMOTE,LogisticRegression,0.5084985108715203,0.5856035607397744,0.4578313253012048
0.3,0.4,high,1,SepAware-SMOTE,RandomForest,0.7637476448988116,0.7495720086588662,0.6335403726708074
0.3,0.4,high,2,Real only,LogisticRegression,0.5990229596866801,0.656222957193831,0.46886446886446886
0.3,0.4,high,2,Real only,RandomForest,0.9014102064119496,0.8256012892259126,0.7392739273927392
0.3,0.4,high,2,Random oversampling,LogisticRegression,0.5630023148321561,0.6979829576097508,0.6164383561643836
0.3,0.4,high,2,Random oversampling,RandomForest,0.8932299779315978,0.8542982030111705,0.7931034482758621
0.3,0.4,high,2,SMOTE,LogisticRegression,0.5715230040277746,0.7109712758770084,0.6276346604215457
0.3,0.4,high,2,SMOTE,RandomForest,0.8813345036852938,0.8777538251222462,0.8296703296703297
0.3,0.4,high,2,SepAware-SMOTE,LogisticRegression,0.5802860160687063,0.6895439518390338,0.5896805896805897
0.3,0.4,high,2,SepAware-SMOTE,RandomForest,0.8934442348810039,0.8589426228374659,0.7964071856287425
0.3,0.4,high,3,Real only,LogisticRegression,0.4975469642641295,0.573917242554711,0.33460076045627374
0.3,0.4,high,3,Real only,RandomForest,0.8431637566911351,0.8074701578744705,0.7169811320754716
0.3,0.4,high,3,Random oversampling,LogisticRegression,0.4925063824773925,0.7013333333333334,0.6266666666666667
0.3,0.4,high,3,Random oversampling,RandomForest,0.8352299018890361,0.8248316269517684,0.7521367521367521
0.3,0.4,high,3,SMOTE,LogisticRegression,0.48988030714078684,0.7038217696946629,0.6278026905829597
0.3,0.4,high,3,SMOTE,RandomForest,0.8455526245247126,0.8230923457954947,0.7540983606557377
0.3,0.4,high,3,SepAware-SMOTE,LogisticRegression,0.48605062370175467,0.6922901589834178,0.6086956521739131
0.3,0.4,high,3,SepAware-SMOTE,RandomForest,0.840559281530498,0.8194254445964433,0.7411764705882353
0.3,0.4,high,4,Real only,LogisticRegression,0.43976037917163013,0.4823976426799007,0.14423076923076922
0.3,0.4,high,4,Real only,RandomForest,0.8165181253230649,0.7555200196814073,0.6267605633802817
0.3,0.4,high,4,Random oversampling,LogisticRegression,0.41794274550074295,0.5550657077799523,0.4608879492600423
0.3,0.4,high,4,Random oversampling,RandomForest,0.8135170298915011,0.7860259565898411,0.6890243902439024
0.3,0.4,high,4,SMOTE,LogisticRegression,0.4132111480716227,0.5684765702658138,0.4721030042918455
0.3,0.4,high,4,SMOTE,RandomForest,0.8024314479730161,0.7926167537474957,0.7065527065527065
0.3,0.4,high,4,SepAware-SMOTE,LogisticRegression,0.4057266480857399,0.572014714204867,0.4692982456140351
0.3,0.4,high,4,SepAware-SMOTE,RandomForest,0.7917561283387307,0.7567931127253161,0.6412698412698413
0.3,0.4,high,5,Real only,LogisticRegression,0.39819564933831997,0.4448381762343492,0.0784313725490196
0.3,0.4,high,5,Real only,RandomForest,0.7660449188514572,0.7142182242031606,0.5622775800711743
0.3,0.4,high,5,Random oversampling,LogisticRegression,0.38154254460891396,0.5660391398169506,0.45393258426966293
0.3,0.4,high,5,Random oversampling,RandomForest,0.7737317525192182,0.7801164414819322,0.6826347305389222
0.3,0.4,high,5,SMOTE,LogisticRegression,0.3748235894894647,0.5232994738638638,0.4104803493449782
0.3,0.4,high,5,SMOTE,RandomForest,0.7394136232502406,0.7603706267639384,0.6629213483146067
0.3,0.4,high,5,SepAware-SMOTE,LogisticRegression,0.39219562014507103,0.5397835544529537,0.4155251141552511
0.3,0.4,high,5,SepAware-SMOTE,RandomForest,0.7575881534092045,0.7498870288050274,0.636085626911315
0.3,0.4,high,6,Real only,LogisticRegression,0.5218958244171388,0.5680736719623671,0.29955947136563876
0.3,0.4,high,6,Real only,RandomForest,0.8702652950322455,0.8141565509815779,0.7218543046357616
0.3,0.4,high,6,Random oversampling,LogisticRegression,0.4725578671098459,0.576152445004904,0.4829059829059829
0.3,0.4,high,6,Random oversampling,RandomForest,0.8869893158254626,0.8673248262465514,0.8104956268221575
0.3,0.4,high,6,SMOTE,LogisticRegression,0.48913643871346413,0.5932371250707413,0.4956140350877193
0.3,0.4,high,6,SMOTE,RandomForest,0.8603266421114197,0.8351736706689536,0.7670454545454546
0.3,0.4,high,6,SepAware-SMOTE,LogisticRegression,0.4929959206415344,0.5971226487529772,0.48498845265588914
0.3,0.4,high,6,SepAware-SMOTE,RandomForest,0.8599772802787701,0.8417633668313809,0.7710843373493976
0.3,0.4,high,7,Real only,LogisticRegression,0.5583481907416139,0.6162997152038259,0.4059040590405904
0.3,0.4,high,7,Real only,RandomForest,0.8038286807082011,0.7709116541353384,0.6578947368421053
0.3,0.4,high,7,Random oversampling,LogisticRegression,0.5266775000191884,0.6091024122724469,0.5302713987473904
0.3,0.4,high,7,Random oversampling,RandomForest,0.8002446670482728,0.8067721751932277,0.7307692307692307
0.3,0.4,high,7,SMOTE,LogisticRegression,0.546892376951477,0.6213444327358011,0.5336225596529284
0.3,0.4,high,7,SMOTE,RandomForest,0.7556189265352187,0.7835572522436329,0.7103274559193955
0.3,0.4,high,7,SepAware-SMOTE,LogisticRegression,0.544293885779181,0.6224850977036,0.5237020316027088
0.3,0.4,high,7,SepAware-SMOTE,RandomForest,0.7701151743004434,0.8019834986248855,0.7211267605633803
0.3,0.4,high,8,Real only,LogisticRegression,0.3830148000376867,0.47256353655916084,0.1262135922330097
0.3,0.4,high,8,Real only,RandomForest,0.8391515083249522,0.7999812716546493,0.6983050847457627
0.3,0.4,high,8,Random oversampling,LogisticRegression,0.34310452040674855,0.5224957555178268,0.40789473684210525
0.3,0.4,high,8,Random oversampling,RandomForest,0.814832722898494,0.8305224867724867,0.7559523809523809
0.3,0.4,high,8,SMOTE,LogisticRegression,0.36614708787744304,0.5107873156653644,0.39826839826839827
0.3,0.4,high,8,SMOTE,RandomForest,0.8203447747655968,0.84424090739656,0.7808988764044944
0.3,0.4,high,8,SepAware-SMOTE,LogisticRegression,0.36918630551971104,0.5234899525541349,0.4146868250539957
0.3,0.4,high,8,SepAware-SMOTE,RandomForest,0.7982697502889566,0.7995604395604397,0.7076923076923077
0.3,0.4,high,9,Real only,LogisticRegression,0.42945863166002585,0.4589166034719518,0.09278350515463918
0.3,0.4,high,9,Real only,RandomForest,0.7829714328490445,0.7334643734643735,0.5890909090909091
0.3,0.4,high,9,Random oversampling,LogisticRegression,0.3788626634560164,0.5516323385175844,0.452991452991453
0.3,0.4,high,9,Random oversampling,RandomForest,0.7979088225290547,0.7766195085629188,0.6708860759493671
0.3,0.4,high,9,SMOTE,LogisticRegression,0.3599514357593301,0.525039797489496,0.4276729559748428
0.3,0.4,high,9,SMOTE,RandomForest,0.7687066922540835,0.7864225781845919,0.6956521739130435
0.3,0.4,high,9,SepAware-SMOTE,LogisticRegression,0.4161247640458607,0.5347816545973229,0.43010752688172044
0.3,0.4,high,9,SepAware-SMOTE,RandomForest,0.7958275451626134,0.7644355277328541,0.6517571884984026
0.3,1.0,moderate,0,Real only,LogisticRegression,0.5405506298203674,0.6376467549633659,0.44982698961937717
0.3,1.0,moderate,0,Real only,RandomForest,0.8575670836425031,0.8338068181818181,0.75625
0.3,1.0,moderate,0,Random oversampling,LogisticRegression,0.5265030802592566,0.6389174969909792,0.5221674876847291
0.3,1.0,moderate,0,Random oversampling,RandomForest,0.8591654117576596,0.8517450014024122,0.7909604519774012
0.3,1.0,moderate,0,SMOTE,LogisticRegression,0.5309195586490326,0.6394668592831056,0.5210918114143921
0.3,1.0,moderate,0,SMOTE,RandomForest,0.8538168358650998,0.8518913474925205,0.7933884297520661
0.3,1.0,moderate,0,SepAware-SMOTE,LogisticRegression,0.5376887875245009,0.6395777911267485,0.5116279069767442
0.3,1.0,moderate,0,SepAware-SMOTE,RandomForest,0.8611658208239674,0.8515128400711924,0.7884057971014493
0.3,1.0,moderate,1,Real only,LogisticRegression,0.7377136266483554,0.7259876766944545,0.5935483870967742
0.3,1.0,moderate,1,Real only,RandomForest,0.8598315664328162,0.8441497443415327,0.7711598746081505
0.3,1.0,moderate,1,Random oversampling,LogisticRegression,0.7246285745642956,0.7546808822749135,0.6733167082294265
0.3,1.0,moderate,1,Random oversampling,RandomForest,0.8528659520945773,0.858345475149749,0.7988505747126436
0.3,1.0,moderate,1,SMOTE,LogisticRegression,0.7216500339286472,0.745632738562825,0.6616915422885572
0.3,1.0,moderate,1,SMOTE,RandomForest,0.8446501015652907,0.8417700655335645,0.7790055248618785
0.3,1.0,moderate,1,SepAware-SMOTE,LogisticRegression,0.738138903072753,0.7496790757381258,0.6578947368421053
0.3,1.0,moderate,1,SepAware-SMOTE,RandomForest,0.8576838841955509,0.836420889052468,0.7660818713450293
0.3,1.0,moderate,2,Real only,LogisticRegression,0.9181330803670499,0.8998277036502784,0.8587570621468926
0.3,1.0,moderate,2,Real only,RandomForest,0.9791312993857623,0.9386578333946755,0.9122807017543859
0.3,1.0,moderate,2,Random oversampling,LogisticRegression,0.9023972481553604,0.8904157902029197,0.8527918781725888
0.3,1.0,moderate,2,Random oversampling,RandomForest,0.9751044055495421,0.9408486250591513,0.9175824175824175
0.3,1.0,moderate,2,SMOTE,LogisticRegression,0.911341925803581,0.8933522929257021,0.8556701030927835
0.3,1.0,moderate,2,SMOTE,RandomForest,0.9705940568600653,0.9410307819318315,0.9180327868852459
0.3,1.0,moderate,2,SepAware-SMOTE,LogisticRegression,0.9177185743936571,0.9008010477484107,0.8632707774798928
0.3,1.0,moderate,2,SepAware-SMOTE,RandomForest,0.9752518793158668,0.9456374014677902,0.9230769230769231
0.3,1.0,moderate,3,Real only,LogisticRegression,0.9064623155865754,0.8959801904412992,0.8555858310626703
0.3,1.0,moderate,3,Real only,RandomForest,0.9440691303161848,0.9059921660138345,0.8676056338028169
0.3,1.0,moderate,3,Random oversampling,LogisticRegression,0.9031748843423059,0.9075399009356082,0.8759493670886076
0.3,1.0,moderate,3,Random oversampling,RandomForest,0.9439626165445681,0.9218495604037773,0.8918918918918919
0.3,1.0,moderate,3,SMOTE,LogisticRegression,0.9042238702966013,0.9014952515659729,0.8673469387755102
0.3,1.0,moderate,3,SMOTE,RandomForest,0.9352126478230689,0.9044085850194596,0.8679245283018868
0.3,1.0,moderate,3,SepAware-SMOTE,LogisticRegression,0.9039347161472769,0.9119178921568627,0.8802083333333334
0.3,1.0,moderate,3,SepAware-SMOTE,RandomForest,0.9400999125873679,0.907472725781314,0.8712328767123287
0.3,1.0,moderate,4,Real only,LogisticRegression,0.6978435428806768,0.7024508652415629,0.5521885521885522
0.3,1.0,moderate,4,Real only,RandomForest,0.928666320450543,0.8783284851197135,0.823170731707317
0.3,1.0,moderate,4,Random oversampling,LogisticRegression,0.6749196065776505,0.7211497211497211,0.6486486486486487
0.3,1.0,moderate,4,Random oversampling,RandomForest,0.9257584608781255,0.8958208117962896,0.8531073446327684
0.3,1.0,moderate,4,SMOTE,LogisticRegression,0.6791514154880189,0.7165071770334928,0.6409090909090909
0.3,1.0,moderate,4,SMOTE,RandomForest,0.9159057741915044,0.8801853133819693,0.8314606741573034
0.3,1.0,moderate,4,SepAware-SMOTE,LogisticRegression,0.6786812450904519,0.7283373511668033,0.645933014354067
0.3,1.0,moderate,4,SepAware-SMOTE,RandomForest,0.9206870185217925,0.8850889192886457,0.8352941176470589
0.3,1.0,moderate,5,Real only,LogisticRegression,0.586922495003573,0.6471579735930331,0.46779661016949153
0.3,1.0,moderate,5,Real only,RandomForest,0.8335346183383359,0.808,0.72
0.3,1.0,moderate,5,Random oversampling,LogisticRegression,0.5649412363524062,0.6812144212523719,0.5882352941176471
0.3,1.0,moderate,5,Random oversampling,RandomForest,0.8376807173662846,0.8236919694003215,0.7534626038781164
0.3,1.0,moderate,5,SMOTE,LogisticRegression,0.5642927544837762,0.6775711574952561,0.5835294117647059
0.3,1.0,moderate,5,SMOTE,RandomForest,0.8273594411935714,0.8366007710606185,0.7726027397260274
0.3,1.0,moderate,5,SepAware-SMOTE,LogisticRegression,0.5794910143731172,0.6717348903773812,0.5672371638141809
0.3,1.0,moderate,5,SepAware-SMOTE,RandomForest,0.8353919777299367,0.8127510495001662,0.7350427350427351
0.3,1.0,moderate,6,Real only,LogisticRegression,0.7024344441987803,0.7215233163153137,0.5957446808510638
0.3,1.0,moderate,6,Real only,RandomForest,0.9566033629833893,0.9203948957479309,0.8862973760932945
0.3,1.0,moderate,6,Random oversampling,LogisticRegression,0.687357275640772,0.7337580237307917,0.6556603773584906
0.3,1.0,moderate,6,Random oversampling,RandomForest,0.9570327454884786,0.9229835006961107,0.8925619834710744
0.3,1.0,moderate,6,SMOTE,LogisticRegression,0.6865727576921339,0.7316465401571786,0.6524822695035462
0.3,1.0,moderate,6,SMOTE,RandomForest,0.9604408467756811,0.9273823971005295,0.8991825613079019
0.3,1.0,moderate,6,SepAware-SMOTE,LogisticRegression,0.6994149874104485,0.7378784264030165,0.6535626535626535
0.3,1.0,moderate,6,SepAware-SMOTE,RandomForest,0.954560736211632,0.9185211927702464,0.8857938718662952
0.3,1.0,moderate,7,Real only,LogisticRegression,0.8124052293744122,0.8121205795305708,0.7335243553008596
0.3,1.0,moderate,7,Real only,RandomForest,0.9407086134938808,0.9166666666666666,0.8833333333333333
0.3,1.0,moderate,7,Random oversampling,LogisticRegression,0.8044132382559871,0.7907463380609161,0.7272727272727273
0.3,1.0,moderate,7,Random oversampling,RandomForest,0.9480640355997264,0.9325103885794723,0.9076517150395779
0.3,1.0,moderate,7,SMOTE,LogisticRegression,0.8116156999817667,0.7914045121849915,0.7263922518159807
0.3,1.0,moderate,7,SMOTE,RandomForest,0.9246024441465863,0.9034488085582976,0.8677248677248677
0.3,1.0,moderate,7,SepAware-SMOTE,LogisticRegression,0.8151346880437415,0.7889106481813002,0.7196029776674938
0.3,1.0,moderate,7,SepAware-SMOTE,RandomForest,0.9343678913685647,0.9211315000788685,0.8901098901098901
0.3,1.0,moderate,8,Real only,LogisticRegression,0.5880829323107939,0.6756043267671175,0.5117845117845118
0.3,1.0,moderate,8,Real only,RandomForest,0.897329822861877,0.8914375646509787,0.844574780058651
0.3,1.0,moderate,8,Random oversampling,LogisticRegression,0.5569785578133231,0.6426401095661796,0.5407925407925408
0.3,1.0,moderate,8,Random oversampling,RandomForest,0.9074628553235383,0.897655782281072,0.8555240793201133
0.3,1.0,moderate,8,SMOTE,LogisticRegression,0.5768059948178968,0.6549741230592294,0.5531914893617021
0.3,1.0,moderate,8,SMOTE,RandomForest,0.9087219065204947,0.8977866886818414,0.8579234972677595
0.3,1.0,moderate,8,SepAware-SMOTE,LogisticRegression,0.5763113444674461,0.6686974972391457,0.5615763546798029
0.3,1.0,moderate,8,SepAware-SMOTE,RandomForest,0.9138728621141028,0.9016692810151477,0.8611898016997167
0.3,1.0,moderate,9,Real only,LogisticRegression,0.6843245088277939,0.6962294760882339,0.5448504983388704
0.3,1.0,moderate,9,Real only,RandomForest,0.8954967648338781,0.8429642761176581,0.7720364741641338
0.3,1.0,moderate,9,Random oversampling,LogisticRegression,0.6461593828210548,0.7030869955103154,0.6224256292906178
0.3,1.0,moderate,9,Random oversampling,RandomForest,0.8982168631282045,0.8487241072731857,0.7877094972067039
0.3,1.0,moderate,9,SMOTE,LogisticRegression,0.6510418199966781,0.6985645933014354,0.6181818181818182
0.3,1.0,moderate,9,SMOTE,RandomForest,0.8939390556601109,0.8641620867853335,0.810958904109589
0.3,1.0,moderate,9,SepAware-SMOTE,LogisticRegression,0.6749065339338889,0.6974688224814279,0.6062052505966588
0.3,1.0,moderate,9,SepAware-SMOTE,RandomForest,0.8968821183042935,0.8486893223735329,0.783625730994152
0.3,2.0,low,0,Real only,LogisticRegression,0.7732215274180377,0.7644355277328541,0.6517571884984026
0.3,2.0,low,0,Real only,RandomForest,0.959044658087726,0.9304788778472989,0.9005847953216374
0.3,2.0,low,0,Random oversampling,LogisticRegression,0.7672788537138004,0.748810364608467,0.6579634464751958
0.3,2.0,low,0,Random oversampling,RandomForest,0.9696022429753538,0.9458177670899792,0.9235127478753541
0.3,2.0,low,0,SMOTE,LogisticRegression,0.7694070706783364,0.7662459093034129,0.6774193548387096
0.3,2.0,low,0,SMOTE,RandomForest,0.9651057354831435,0.937583683166722,0.9116809116809117
0.3,2.0,low,0,SepAware-SMOTE,LogisticRegression,0.7734586520260011,0.771461882160447,0.6796657381615598
0.3,2.0,low,0,SepAware-SMOTE,RandomForest,0.9644383413621859,0.9309607288381097,0.9017341040462428
0.3,2.0,low,1,Real only,LogisticRegression,0.9398421012500683,0.9304449206575274,0.9025069637883009
0.3,2.0,low,1,Real only,RandomForest,0.9276207567461355,0.9499958329860821,0.9295774647887324
0.3,2.0,low,1,Random oversampling,LogisticRegression,0.9412919239194887,0.9213833965568484,0.8929503916449086
0.3,2.0,low,1,Random oversampling,RandomForest,0.9151751021653158,0.9485752712984085,0.9281767955801105
0.3,2.0,low,1,SMOTE,LogisticRegression,0.9401115056273883,0.9207144721872169,0.8912466843501327
0.3,2.0,low,1,SMOTE,RandomForest,0.9295913198447339,0.9586580264129276,0.9424657534246575
0.3,2.0,low,1,SepAware-SMOTE,LogisticRegression,0.9405884231878909,0.9253056571136533,0.8961748633879781
0.3,2.0,low,1,SepAware-SMOTE,RandomForest,0.9316769097619517,0.9459954996249688,0.923943661971831
0.3,2.0,low,2,Real only,LogisticRegression,0.9966172203844554,0.9861765257659686,0.9807162534435262
0.3,2.0,low,2,Real only,RandomForest,0.99344045390435,0.9821144081690785,0.9749303621169917
0.3,2.0,low,2,Random oversampling,LogisticRegression,0.996318595537907,0.9765548681211331,0.9675675675675676
0.3,2.0,low,2,Random oversampling,RandomForest,0.9946545593890084,0.9882061563863663,0.9836065573770492
0.3,2.0,low,2,SMOTE,LogisticRegression,0.9965774355846231,0.9823897155939068,0.975609756097561
0.3,2.0,low,2,SMOTE,RandomForest,0.9944570468919037,0.9823362587541828,0.9754768392370572
0.3,2.0,low,2,SepAware-SMOTE,LogisticRegression,0.9966768786910223,0.9862193421376425,0.9808219178082191
0.3,2.0,low,2,SepAware-SMOTE,RandomForest,0.9943212189918598,0.9920885032766782,0.988950276243094
0.3,2.0,low,3,Real only,LogisticRegression,0.9673790869183145,0.9861765257659686,0.9807162534435262
0.3,2.0,low,3,Real only,RandomForest,0.9817825220878094,0.9802212581916956,0.9723756906077348
0.3,2.0,low,3,Random oversampling,LogisticRegression,0.9676807561672289,0.9803435939772771,0.9726775956284153
0.3,2.0,low,3,Random oversampling,RandomForest,0.9823948434436602,0.9842263000157736,0.978021978021978
0.3,2.0,low,3,SMOTE,LogisticRegression,0.9667539114235032,0.9803435939772771,0.9726775956284153
0.3,2.0,low,3,SMOTE,RandomForest,0.9833792097724626,0.9841770065533564,0.9779005524861878
0.3,2.0,low,3,SepAware-SMOTE,LogisticRegression,0.9638289603964656,0.9861765257659686,0.9807162534435262
0.3,2.0,low,3,SepAware-SMOTE,RandomForest,0.9827002167525236,0.9861765257659686,0.9807162534435262
0.3,2.0,low,4,Real only,LogisticRegression,0.9248796967897956,0.89616060493104,0.8539325842696629
0.3,2.0,low,4,Real only,RandomForest,0.9803845405636222,0.9701906802817974,0.958217270194986
0.3,2.0,low,4,Random oversampling,LogisticRegression,0.9242179146042613,0.88,0.84
0.3,2.0,low,4,Random oversampling,RandomForest,0.9805220408997125,0.9743278335653702,0.9641873278236914
0.3,2.0,low,4,SMOTE,LogisticRegression,0.9258705293404342,0.8848966113688183,0.8455696202531645
0.3,2.0,low,4,SMOTE,RandomForest,0.9802902308503805,0.9802828750197171,0.9725274725274725
0.3,2.0,low,4,SepAware-SMOTE,LogisticRegression,0.9274938680199384,0.8805003809445529,0.8388746803069054
0.3,2.0,low,4,SepAware-SMOTE,RandomForest,0.9823329047944351,0.9782773976322363,0.9696969696969697
0.3,2.0,low,5,Real only,LogisticRegression,0.8423534370578402,0.8369919582699413,0.7674418604651163
0.3,2.0,low,5,Real only,RandomForest,0.9443197855594313,0.9463432245072354,0.924791086350975
0.3,2.0,low,5,Random oversampling,LogisticRegression,0.8372557216393562,0.8503721991546029,0.8009950248756219
0.3,2.0,low,5,Random oversampling,RandomForest,0.9521616677054361,0.9412102842809364,0.9184782608695652
0.3,2.0,low,5,SMOTE,LogisticRegression,0.8396578752708199,0.8453296063358957,0.7950617283950617
0.3,2.0,low,5,SMOTE,RandomForest,0.9462255657970926,0.9374796483230219,0.9135135135135135
0.3,2.0,low,5,SepAware-SMOTE,LogisticRegression,0.8422367029068552,0.8556505223171891,0.8051282051282052
0.3,2.0,low,5,SepAware-SMOTE,RandomForest,0.9411610463328709,0.9408486250591513,0.9175824175824175
0.3,2.0,low,6,Real only,LogisticRegression,0.9280983562433655,0.8921667820437722,0.848314606741573
0.3,2.0,low,6,Real only,RandomForest,0.9840444647618822,0.9841770065533564,0.9779005524861878
0.3,2.0,low,6,Random oversampling,LogisticRegression,0.9271793020953486,0.8927196815468441,0.8564231738035264
0.3,2.0,low,6,Random oversampling,RandomForest,0.9874616664305238,0.9803435939772771,0.9726775956284153
0.3,2.0,low,6,SMOTE,LogisticRegression,0.9265254013173765,0.8889554598467335,0.8513853904282116
0.3,2.0,low,6,SMOTE,RandomForest,0.9816642562383318,0.9822820113198261,0.9753424657534246
0.3,2.0,low,6,SepAware-SMOTE,LogisticRegression,0.9262884017987753,0.8927696078431373,0.8541666666666666
0.3,2.0,low,6,SepAware-SMOTE,RandomForest,0.9862109264570098,0.9822269616991024,0.9752066115702479
0.3,2.0,low,7,Real only,LogisticRegression,0.9752015844643213,0.9440864795782523,0.9213483146067416
0.3,2.0,low,7,Real only,RandomForest,0.9818354159401488,0.9802828750197171,0.9725274725274725
0.3,2.0,low,7,Random oversampling,LogisticRegression,0.9759291483683912,0.9361848190775162,0.9124668435013262
0.3,2.0,low,7,Random oversampling,RandomForest,0.9889736567073009,0.9843227424749164,0.9782608695652174
0.3,2.0,low,7,SMOTE,LogisticRegression,0.9738304068567141,0.9356221082784116,0.9110512129380054
0.3,2.0,low,7,SMOTE,RandomForest,0.9845498999288671,0.9784763190592194,0.9701897018970189
0.3,2.0,low,7,SepAware-SMOTE,LogisticRegression,0.9753512635608736,0.9432557502470331,0.9214092140921409
0.3,2.0,low,7,SepAware-SMOTE,RandomForest,0.9891157648187565,0.9803435939772771,0.9726775956284153
0.3,2.0,low,8,Real only,LogisticRegression,0.8391953945331353,0.8288415561834384,0.7558139534883721
0.3,2.0,low,8,Real only,RandomForest,0.9651220520705697,0.9722222222222222,0.9611111111111111
0.3,2.0,low,8,Random oversampling,LogisticRegression,0.8322368394336404,0.8270655020739608,0.7688442211055276
0.3,2.0,low,8,Random oversampling,RandomForest,0.9637818630467377,0.9606871879545544,0.9453551912568307
0.3,2.0,low,8,SMOTE,LogisticRegression,0.8388775703843195,0.8228554198703453,0.7626262626262627
0.3,2.0,low,8,SMOTE,RandomForest,0.963159654732826,0.962595357230744,0.947945205479452
0.3,2.0,low,8,SepAware-SMOTE,LogisticRegression,0.8370642825533303,0.8360966579787182,0.7757255936675461
0.3,2.0,low,8,SepAware-SMOTE,RandomForest,0.9679494209466137,0.9623612069506304,0.9473684210526315
0.3,2.0,low,9,Real only,LogisticRegression,0.9298389211692238,0.8964954418184955,0.8547486033519553
0.3,2.0,low,9,Real only,RandomForest,0.9873612520126948,0.9624791413647719,0.9476584022038568
0.3,2.0,low,9,Random oversampling,LogisticRegression,0.9255429272625162,0.8656791244549127,0.8193384223918575
0.3,2.0,low,9,Random oversampling,RandomForest,0.9834284026440859,0.9590322507226257,0.9433962264150944
0.3,2.0,low,9,SMOTE,LogisticRegression,0.9267053096395883,0.8588416862458476,0.8110831234256927
0.3,2.0,low,9,SMOTE,RandomForest,0.9863817924192982,0.9648323021816998,0.9513513513513514
0.3,2.0,low,9,SepAware-SMOTE,LogisticRegression,0.9284940202396876,0.8820386049614691,0.8381962864721485
0.3,2.0,low,9,SepAware-SMOTE,RandomForest,0.9866213532375527,0.9605657500394342,0.945054945054945
