dataset,condition,classifier,n,auprc_mean,auprc_sd,macro_f1_mean,macro_f1_sd,minority_f1_mean,minority_f1_sd,minority_recall_mean,minority_recall_sd,auroc_mean,auroc_sd,brier_mean,brier_sd
COVID-19,Class weighting,CatBoost,15,0.337289950955826,0.07085984320422767,0.5508320956232182,0.0719226520691012,0.34227602392532935,0.1062170031113342,0.3688725490196078,0.12255602220889499,0.5803627450980393,0.08132098204492035,0.2337125558977047,0.03328580075659538
COVID-19,Class weighting,LogisticRegression,15,0.3869293125653103,0.09381219847467254,0.5183284060174167,0.06116469887611508,0.35030676087662943,0.09250148354981387,0.4647058823529412,0.14957665998430802,0.5968398692810459,0.08931845689982087,0.2540230509404493,0.033673531622993746
COVID-19,Class weighting,RandomForest,15,0.3189388062573594,0.07048667041145261,0.5211635024612432,0.05300392388021083,0.283766352177501,0.07035612854915886,0.28480392156862744,0.07513821229865533,0.5808349673202614,0.0923234758639062,0.21388730182280286,0.018873189907277658
COVID-19,Random oversampling,CatBoost,15,0.3380901763684036,0.06996612812078201,0.5412636879408291,0.0888295943079988,0.31671636773445067,0.1277117323121482,0.32107843137254904,0.12770239558131033,0.5782859477124181,0.07996973916511738,0.23020597603239612,0.03231556901039597
COVID-19,Random oversampling,LogisticRegression,15,0.3875359146594673,0.08471095806400752,0.5357742737961391,0.058565902735303,0.3672020211171541,0.08473195187511992,0.4730392156862745,0.13705232775148035,0.6123807189542483,0.09195519602559858,0.24928516517201033,0.03451777848542919
COVID-19,Random oversampling,RandomForest,15,0.3394116265724518,0.0776609503900806,0.5365883181519415,0.06944233316821098,0.3143344990978067,0.10323249598569575,0.32867647058823535,0.11188281574363718,0.5929084967320262,0.07237000355023461,0.2147465752066838,0.01736426953264707
COVID-19,Random undersampling,CatBoost,15,0.324477055787028,0.07945872796086229,0.49824802621955544,0.06357811858126908,0.34653448771279227,0.08729415067118544,0.48970588235294116,0.14923676105511818,0.5573333333333333,0.09572621039388282,0.2965038475255198,0.04397986313741586
COVID-19,Random undersampling,LogisticRegression,15,0.3559197606951726,0.0927849905143299,0.5138368556016292,0.0508102032015782,0.37154643079684696,0.0671230880672657,0.5306372549019608,0.11725797882007093,0.5719754901960783,0.08746307734583009,0.2907649122038247,0.03374343125004579
COVID-19,Random undersampling,RandomForest,15,0.31632677853213764,0.07304366805680408,0.4871989304007196,0.06271670279054374,0.350133150701835,0.07914432097952818,0.5171568627450981,0.14409209886165938,0.5551192810457516,0.08710514752285063,0.250019739943688,0.014840160310555095
COVID-19,Real only,CatBoost,15,0.34644626762513986,0.06756182261324457,0.5099682984301896,0.05217591475262637,0.20285664303208162,0.09183242142117076,0.15661764705882353,0.0834994842232347,0.5924084967320262,0.07759031079225501,0.20590497828245802,0.02332213475385807
COVID-19,Real only,LogisticRegression,15,0.38045756928771746,0.09157071769863137,0.5413787329959988,0.06448841067586635,0.25040702541964815,0.10561999410932546,0.183578431372549,0.08119766017641701,0.5921388888888889,0.08918375166568712,0.20048700510401504,0.0241776133040519
COVID-19,Real only,RandomForest,15,0.3274359714379422,0.08062991588384331,0.4283996130284851,0.0032026705800719097,0.0,0.0,0.0,0.0,0.5837401960784312,0.08365921041087525,0.1871327344888451,0.011284534705595843
COVID-19,SMOTE,CatBoost,15,0.2996601804426755,0.049551644539790114,0.4927262142808928,0.054000134641795275,0.21277312656993788,0.0933562462211967,0.19779411764705881,0.09931526879049528,0.5617385620915034,0.07096240195556876,0.2271015238364363,0.02579371193066165
COVID-19,SMOTE,LogisticRegression,15,0.37091445670822465,0.1063152793456842,0.5440934447365982,0.08337389664066297,0.2874130166841132,0.1270868450092515,0.24828431372549015,0.10341714194456134,0.5751062091503267,0.07769093311671915,0.21468993000843362,0.028471669553856587
COVID-19,SMOTE,RandomForest,15,0.3078741859617111,0.061142096426718785,0.48383497421536215,0.05367452245675808,0.18647810601804196,0.09628244629300663,0.16544117647058823,0.0936701546622183,0.546096405228758,0.07430904745486962,0.21243939558955438,0.015532018555764441
COVID-19,SepAware CTGAN,CatBoost,15,0.32781627057255136,0.04481436865834813,0.5491728435301363,0.03141464702928648,0.3480111882542625,0.036088436430062744,0.3860294117647059,0.048176396199448,0.5640767973856209,0.06088989631936465,0.24171871369236683,0.024242590531847012
COVID-19,SepAware CTGAN,LogisticRegression,15,0.3253873634084783,0.0609892969257862,0.5359525472089803,0.05193425643617895,0.3400823438401431,0.06813918766451531,0.39313725490196083,0.08304344867658243,0.5517728758169935,0.06266755405252254,0.24965668887076858,0.029209635066381204
COVID-19,SepAware CTGAN,RandomForest,15,0.31625143542585465,0.06142200251263759,0.5155077141124472,0.047798598616415465,0.28677463625755856,0.07036129574640325,0.30563725490196075,0.08766300167072331,0.5511879084967322,0.059070473188112115,0.22691815533413146,0.01833739903816853
COVID-19,SepAware TVAE,CatBoost,15,0.32905165456446833,0.06780759501215206,0.5069219292552825,0.06891919631549301,0.22648090309834393,0.1137342829867403,0.20098039215686272,0.11221770297256264,0.5900163398692811,0.07265866524399986,0.2269312552504827,0.026949488817229028
COVID-19,SepAware TVAE,LogisticRegression,15,0.3911727993143953,0.11164267724286538,0.5425256396489488,0.08651497347984445,0.284083681353481,0.13013481412484132,0.24411764705882352,0.10921920176238904,0.5887418300653595,0.09075598126603786,0.2161293107874239,0.03807906996972966
COVID-19,SepAware TVAE,RandomForest,15,0.30771434386400637,0.0607023137442057,0.4758864804809532,0.06777352890456216,0.12488044955016732,0.12225292028008121,0.08897058823529412,0.09262538095059693,0.5681160130718954,0.0784539286470076,0.20145727311012912,0.015833681838679864
COVID-19,Standard CTGAN,CatBoost,15,0.3238915819862235,0.06841392145103971,0.5147418624148336,0.0371497790175185,0.29553561170380976,0.07243575993318488,0.33333333333333337,0.1098877902867787,0.5369166666666667,0.07949596344202355,0.2414501786693185,0.02456307350546134
COVID-19,Standard CTGAN,LogisticRegression,15,0.3108308767252384,0.04413703717233455,0.5333258185572524,0.04826887869248234,0.341371122415973,0.07978251129798589,0.40931372549019607,0.11139737660695537,0.5455702614379085,0.07243231222126809,0.2502293251977059,0.017500785489118507
COVID-19,Standard CTGAN,RandomForest,15,0.298193090123745,0.0364790089040218,0.5145885623566646,0.05571609498230841,0.29082912731724136,0.09115855138720036,0.32156862745098036,0.12069216502450708,0.5453741830065358,0.05925611283012878,0.22948895235283015,0.016801697500434597
COVID-19,Standard TVAE,CatBoost,15,0.33543227619913557,0.0726635743117679,0.5106896603062356,0.06053662284700597,0.23649195611174065,0.1017408004743168,0.21249999999999997,0.09651498069095586,0.5930637254901961,0.07082175777495253,0.2263621545820244,0.026203624854109903
COVID-19,Standard TVAE,LogisticRegression,15,0.3904821287313072,0.11576071827920037,0.5430914594165505,0.08559255408430193,0.2825606301040671,0.1310491067249817,0.24019607843137253,0.1060425909749265,0.5889607843137253,0.092483796392426,0.21492810392282108,0.03761631337501477
COVID-19,Standard TVAE,RandomForest,15,0.3238480341019473,0.07978819609620184,0.4767938694467903,0.052162234906679365,0.1310217391304348,0.10250557761533773,0.09730392156862747,0.08013726072763314,0.5743300653594772,0.09394837156345373,0.19934018743915194,0.01619199508382967
Kidney mortality,Class weighting,CatBoost,15,0.11374048704794469,0.015477258756109703,0.5305641343555957,0.012979102299472925,0.1793010692975455,0.02342532204563162,0.4232471465175868,0.06218819363119551,0.654999915864425,0.036995103381542424,0.1599369756668441,0.0037165327426972655
Kidney mortality,Class weighting,LogisticRegression,15,0.11640326875455961,0.013195780391782387,0.5014383878485081,0.005416078886119731,0.17906466787166594,0.009356474472233835,0.5930817610062892,0.0495163916873131,0.7070304161330819,0.030385458051068657,0.21667181509953715,0.0038920821980643677
Kidney mortality,Class weighting,RandomForest,15,0.08853729188247622,0.01585727228129619,0.5380517725335339,0.017079517234526283,0.11657889199173913,0.03332924407144451,0.09610994642441183,0.029114877950649376,0.5843458522336565,0.02744575215015472,0.09192092417797602,0.002844127847145666
Kidney mortality,Random oversampling,CatBoost,15,0.10350220823806286,0.0156499997624451,0.5371946631957049,0.016436246865785667,0.17505870750094396,0.027920065217093726,0.35588166783135333,0.0562861162222982,0.630947141094147,0.03434221694678933,0.14639276674710305,0.0021550702007886616
Kidney mortality,Random oversampling,LogisticRegression,15,0.1169778228262729,0.012674539272890552,0.5016191874242469,0.0060985500897016934,0.17940514184358214,0.010038954364990726,0.594362916375495,0.053226731912496335,0.7081574349886027,0.030284509107350564,0.21644164359665063,0.0038969629874274552
Kidney mortality,Random oversampling,RandomForest,15,0.08857567876456789,0.013637310561607704,0.544194069175752,0.014777666172970402,0.14035875116697671,0.027733155662973078,0.14982529699510833,0.030258352947083282,0.5894964888889145,0.03146613557596008,0.10282736433824652,0.0027921606535469662
Kidney mortality,Random undersampling,CatBoost,15,0.11724207050920539,0.01825681957325034,0.4875871043676989,0.020228181154442266,0.17343387803782884,0.01663270631639558,0.6231306778476589,0.05457557616924849,0.6912240415184325,0.03486184594798424,0.2309724748249916,0.009679212473271146
Kidney mortality,Random undersampling,LogisticRegression,15,0.11385994462042785,0.021910751643355937,0.4944416723908715,0.01000754982795703,0.17269761255154792,0.014267888936168548,0.5882832518052644,0.0652657006143976,0.6954471648706764,0.029959767256984866,0.22406101349298296,0.005210340598145643
Kidney mortality,Random undersampling,RandomForest,15,0.11996858324321992,0.01782584557098055,0.47904258909392633,0.024101730647767956,0.16995849570442545,0.019007815827767446,0.6407640344747263,0.07201541176778159,0.7021930429424151,0.038037508661012555,0.21889626386647884,0.007907670520977484
Kidney mortality,Real only,CatBoost,15,0.1226158110047489,0.01621770773828072,0.4873236488141163,0.00494117254544988,0.0024691358024691358,0.009562921842487448,0.0012578616352201257,0.004871677165040777,0.7015698067729926,0.02787813173958766,0.04966591258922126,0.0009747004625551462
Kidney mortality,Real only,LogisticRegression,15,0.11985513819478462,0.01606374161440433,0.48621332638392445,0.00019109102603628988,0.0,0.0,0.0,0.0,0.6989741194873673,0.03005882635545997,0.04959854126942131,0.0008745883031753639
Kidney mortality,Real only,RandomForest,15,0.12224343551584806,0.019108653015606367,0.48628374430105925,0.00013383769396644308,0.0,0.0,0.0,0.0,0.692368096046776,0.032812145418236335,0.049767501560501755,0.0011571509706896233
Kidney mortality,SMOTE,CatBoost,15,0.08869088468167588,0.020441640577266808,0.5278020763811833,0.026489308613675207,0.09736638502761207,0.052246650768731466,0.08252969951083158,0.046207578948120005,0.5874985375535019,0.03756663612986227,0.08880055695951125,0.0049929698385873696
Kidney mortality,SMOTE,LogisticRegression,15,0.1135108468208489,0.013416683771495451,0.502567676320353,0.009057271489954137,0.1811637895436366,0.013729994837960096,0.6006522245515955,0.0635711106915735,0.7046559974660791,0.03144484375659538,0.21578380287670765,0.004682592964350532
Kidney mortality,SMOTE,RandomForest,15,0.08510854962849947,0.016740632608142975,0.5304671541766157,0.025863908407514714,0.10163495416593397,0.05059558744634822,0.08364779874213836,0.043260237721774765,0.5904678342835242,0.030725171669270808,0.08868434787399407,0.0032502901644858753
Kidney mortality,SepAware CTGAN,CatBoost,15,0.11266175566288042,0.020560105623173234,0.5240268875172686,0.022086904212340608,0.08746753343292846,0.04311378159171253,0.06862334032145354,0.037065938872130846,0.6922333328295808,0.040657101800737366,0.06420727390261213,0.003791947144766436
Kidney mortality,SepAware CTGAN,LogisticRegression,15,0.10537011685382537,0.02329310037206364,0.5155738241392969,0.01583055621511491,0.14885385026941259,0.023693687338592385,0.33848124854414163,0.07267230631990083,0.6259592733254856,0.0440174377988183,0.16040222546657693,0.016830312075044613
Kidney mortality,SepAware CTGAN,RandomForest,15,0.11076836502406716,0.020565763405169097,0.5398769064141985,0.0203721402433828,0.12606101916564127,0.0368342701555863,0.11740041928721173,0.03141852045465527,0.6816855861360003,0.04416206706066946,0.07219561671908532,0.0038619501749997467
Kidney mortality,SepAware TVAE,CatBoost,15,0.10631862291569459,0.01924212779795228,0.5013205073097114,0.018124357248822415,0.0355073016259643,0.03568658257762398,0.022455159562077796,0.022645432465516716,0.6775182558531713,0.043532966739695804,0.05580605243445773,0.005349648494242195
Kidney mortality,SepAware TVAE,LogisticRegression,15,0.09797693277484623,0.02148722254397596,0.5277651563259682,0.018161058804344984,0.11012019685148841,0.04079288530047398,0.12709061262520385,0.08250754818970508,0.5997322742848055,0.04130591865454024,0.08316606725455915,0.02468159866074594
Kidney mortality,SepAware TVAE,RandomForest,15,0.10444702652973918,0.021248649598956868,0.49572091037936933,0.013752099841604078,0.022690092051713365,0.0275702808453359,0.013696715583508035,0.016516965733593268,0.6778745859389158,0.047443922335910604,0.055169459980346176,0.005097599427898212
Kidney mortality,Standard CTGAN,CatBoost,15,0.11131036799552002,0.01895888799341512,0.5216889655437309,0.017768890590726033,0.07901126280381389,0.03390564704386565,0.054996505939902164,0.02301643537979949,0.6953550027442138,0.03763072324214948,0.06004853301864767,0.0031636318660122854
Kidney mortality,Standard CTGAN,LogisticRegression,15,0.09186492171989506,0.019064319398710575,0.5074290531384412,0.01047159678188172,0.1260235828223856,0.020048405424955083,0.2684835779175402,0.06240755766128458,0.5909979995619092,0.07507686737461897,0.15355459368419727,0.015703277832429995
Kidney mortality,Standard CTGAN,RandomForest,15,0.10962885916524398,0.020841464354156902,0.5358617936999422,0.018688191323700743,0.1139150932272052,0.036075426098749454,0.09739110179361753,0.03431009100305509,0.6737970913395172,0.040419812070079046,0.06953659667091047,0.0034504464900154638
Kidney mortality,Standard TVAE,CatBoost,15,0.10817376370620227,0.017182859648686908,0.49500359807011773,0.0155900988191236,0.020965712649018895,0.030883006128868712,0.012415560214302351,0.01814984016126916,0.6843425088469097,0.03805139369413418,0.053845349518157205,0.004062135047918226
Kidney mortality,Standard TVAE,LogisticRegression,15,0.0958111921398615,0.01974480188274526,0.523562108879628,0.017234741571962708,0.09855696470530041,0.04117969414131517,0.1095737246680643,0.08728836692104146,0.5986977341757159,0.03835225003239324,0.07815510405847642,0.02467084818083974
Kidney mortality,Standard TVAE,RandomForest,15,0.10391741190058713,0.019158085245031046,0.489349941965223,0.007394444164443264,0.008686801127422922,0.014967276549154303,0.004961565338923829,0.008516992264130743,0.6765892303433353,0.042956451727643646,0.05397920462536222,0.004338925483011047
Vigitel,Class weighting,CatBoost,15,0.29332444827324644,0.01800599717889255,0.561355486714401,0.013520852996235105,0.36728502471635693,0.017245389716963353,0.6012315101479188,0.031138986265161584,0.6816273369829027,0.013044122599283699,0.21139086032227186,0.005737555937621159
Vigitel,Class weighting,LogisticRegression,15,0.2732599074909424,0.01876866824245768,0.5741121007935441,0.016450190236782437,0.3654352808106966,0.024306879426697778,0.5475381263616559,0.04544801141259299,0.6608505201629981,0.02155743637573089,0.22912760771361498,0.004692756645885812
Vigitel,Class weighting,RandomForest,15,0.2867273481968549,0.026014464593832703,0.5792578754107895,0.014784670986266903,0.29421374376093146,0.024986291290810637,0.2788877422313955,0.029123844721959252,0.6739766310946205,0.01805631276500945,0.16101957020658814,0.004783047442673552
Vigitel,Random oversampling,CatBoost,15,0.2925318628473466,0.01650059233264171,0.5665250657586546,0.012347574530313283,0.366571144588246,0.015149135937166554,0.5796858158468065,0.025425109861016707,0.6779130890030474,0.01324991883223644,0.20763104127026752,0.005536384051739964
Vigitel,Random oversampling,LogisticRegression,15,0.2741271000502328,0.019096202994452936,0.5714935745010602,0.014677202062853318,0.36187881354257184,0.022356048563638944,0.54323128081642,0.04369633366389776,0.6597344440534374,0.022849932813496843,0.22894745758441057,0.004633890777505819
Vigitel,Random oversampling,RandomForest,15,0.27724618296152265,0.024037111941264965,0.5807410604490196,0.021011857201920815,0.3137685192233875,0.031871067404081056,0.33411535374383666,0.0345530233692681,0.665262723625729,0.02060263026663698,0.17063112627656285,0.006025629593253376
Vigitel,Random undersampling,CatBoost,15,0.28224310011511744,0.024113002466881712,0.5488470300235971,0.009779255720724415,0.369869309156616,0.011465018886026954,0.6552734778121775,0.023407866102501985,0.6765799197967018,0.013275573106828425,0.22916969409283663,0.006611261074034781
Vigitel,Random undersampling,LogisticRegression,15,0.2695117679249512,0.021428043709422473,0.5630957359752798,0.01673573159610306,0.35680584914237967,0.023087006579501773,0.5530329090700608,0.047925163944346934,0.6581658236616822,0.021495780422103004,0.23119901454055947,0.005476157764974311
Vigitel,Random undersampling,RandomForest,15,0.27835263297651924,0.02477850312480129,0.5408474346289545,0.014539198680674,0.36093023122571155,0.016969024200761917,0.6443297786951037,0.03061340737297766,0.6721109122479354,0.019189896998519463,0.22885219930883335,0.005577840090939008
Vigitel,Real only,CatBoost,15,0.29627196282755525,0.01821162019800921,0.4674348043733754,0.01012959145828427,0.029638227100250946,0.020058648449992753,0.015670221304896224,0.010805048971324447,0.6852739621823536,0.014819389704062401,0.1332555915964104,0.0019634241152751315
Vigitel,Real only,LogisticRegression,15,0.274451312993737,0.019883622330860842,0.45359284008347855,0.0014281281370377237,0.0007662835249042146,0.0029678033304271394,0.000392156862745098,0.0015188169985127127,0.6589081515149121,0.022712304390300843,0.1351846202585647,0.0021783546652478607
Vigitel,Real only,RandomForest,15,0.28956512899726766,0.025856024483551236,0.4644244872056205,0.007358095475279334,0.023315085588905233,0.014192491896272131,0.012138516225203531,0.007510637592770532,0.6746139619140832,0.018815612540165682,0.13422006331631994,0.0025166411622524793
Vigitel,SMOTE,CatBoost,15,0.25028990189868094,0.01938906719130026,0.4956627601965616,0.014179763253931138,0.09798313445351907,0.030543618923998823,0.06188510491916065,0.02306205886361876,0.6476940876073556,0.02114805106582253,0.14542694850216825,0.004345179655734029
Vigitel,SMOTE,LogisticRegression,15,0.20621195977442996,0.011027858374222675,0.5108785846737712,0.011556415398018514,0.291727262960377,0.013210605630100233,0.4727989909414058,0.0282693224510305,0.5782801160186676,0.016887513635927144,0.23388285500209968,0.0059297057513232
Vigitel,SMOTE,RandomForest,15,0.24165530229929372,0.016316394845211232,0.5027336643003257,0.009009322916879078,0.1172472722697696,0.016865343785316716,0.07755073959408325,0.012378902404437843,0.6392771269750334,0.01798822331217548,0.14994318869570525,0.0036261311201704633
Vigitel,SepAware CTGAN,CatBoost,15,0.26489580323769213,0.02149794735737666,0.5093957660468532,0.018862607521453065,0.12412241190416086,0.039880284829011535,0.07990138745556702,0.031008361015831983,0.6578273180926426,0.0227808060275647,0.1427081390320136,0.005169790830475327
Vigitel,SepAware CTGAN,LogisticRegression,15,0.2476963831986894,0.02463238551254942,0.5246026948771523,0.018260416329305994,0.31350093232170617,0.023545913525081296,0.5115468409586056,0.03923875848399704,0.601358415287381,0.026304664624905286,0.22816543714808782,0.0059911531253434075
Vigitel,SepAware CTGAN,RandomForest,15,0.2539223690268578,0.02005572755877514,0.5478119402739747,0.018444768071101177,0.21524588160254465,0.0383926134682004,0.16922600619195047,0.040806318026004325,0.6439763928007722,0.022368135264927362,0.1552717558644008,0.006334506830184363
Vigitel,SepAware TVAE,CatBoost,15,0.26891340812082004,0.015155469317026196,0.4867040691416736,0.013939912316847991,0.07468851886324042,0.028432947776743572,0.04388258227267515,0.01832719468049335,0.6737075628351833,0.01786588016720612,0.13852919756341583,0.0036336531803665352
Vigitel,SepAware TVAE,LogisticRegression,15,0.21241158232690777,0.01996794710471817,0.5304599793488433,0.022732652582779126,0.2178860919792149,0.03738442014739826,0.2138585024653136,0.03623540337769748,0.5688581824854297,0.028763051238853116,0.1836373212613921,0.008340742075340217
Vigitel,SepAware TVAE,RandomForest,15,0.27455949573380856,0.022639465773934025,0.4598469541277904,0.005208861765770494,0.015045616753306049,0.009984036747900025,0.007831670679967893,0.005280788603183741,0.6689834275870729,0.01767138247287086,0.13550437358491066,0.0023699231471782283
Vigitel,Standard CTGAN,CatBoost,15,0.2635802140342634,0.017382731200915214,0.4911857995452652,0.01694988430727625,0.08276553509751643,0.033411363141599856,0.04855635821580095,0.020747384975804573,0.650942059063728,0.01828202108693016,0.14044268859567116,0.0034456804782835044
Vigitel,Standard CTGAN,LogisticRegression,15,0.23274015389066485,0.022035647709735918,0.5188501903955877,0.025717349794073117,0.30322407028398557,0.03494073082598445,0.4911340442609793,0.05968097821030587,0.5877825730715184,0.040700348947721676,0.23396924484574821,0.004913245774088449
Vigitel,Standard CTGAN,RandomForest,15,0.2442843451275803,0.01851190241128194,0.5243308564572471,0.01749592281823036,0.16330494001113938,0.036514338422009185,0.11710354317165463,0.03276129656475168,0.6293351217470639,0.021037745111598727,0.15377515181059304,0.0043127864520087645
Vigitel,Standard TVAE,CatBoost,15,0.27267731992751804,0.01761902074316384,0.48462477922183583,0.017737892695592734,0.06970269641865265,0.03567705549737601,0.040754500630661626,0.023479071186873503,0.674323957478953,0.017350509851576046,0.13776303828934383,0.0038190178691987647
Vigitel,Standard TVAE,LogisticRegression,15,0.21920166029602192,0.013925855318610311,0.5363963648453454,0.015405202365173417,0.23286012212135,0.025099325079364746,0.2361953904368765,0.02744646975332139,0.575210176509179,0.01981956416069454,0.1850369923951213,0.006952289275064786
Vigitel,Standard TVAE,RandomForest,15,0.2663199511726747,0.01967988537383092,0.46165309392514037,0.0052623387280245,0.019382358117894977,0.009859308162999379,0.010186905171425294,0.005200958651877936,0.6655280774944686,0.01873385336689318,0.13665187530970202,0.0025275876665339274
Vigitel smoking,Class weighting,CatBoost,15,0.308495079103787,0.026344473440522622,0.5868315649900915,0.014266015284284268,0.34425542477598586,0.024070782636827836,0.5774412098959699,0.05114307268238955,0.7429784204077445,0.018897135215497688,0.17351577689980666,0.005235205251927276
Vigitel smoking,Class weighting,LogisticRegression,15,0.2794989838579391,0.0246743040158116,0.5620927362515798,0.011818844415030933,0.329021064318436,0.01692008667076339,0.6245126322230964,0.04098013158587598,0.7137340875018228,0.025235339002103688,0.2112196615062171,0.004840583794859831
Vigitel smoking,Class weighting,RandomForest,15,0.2958423979048214,0.027375417599443466,0.5734430714269098,0.01498387489546763,0.22023516010839658,0.028909921699305764,0.1542398811084885,0.024652864132525026,0.7346077437588814,0.018626367541291985,0.10969202679633636,0.0025259720631968428
Vigitel smoking,Random oversampling,CatBoost,15,0.30270704396127435,0.02753970034978101,0.5932915634100973,0.014146290829374191,0.348311583919771,0.022776354574095346,0.5622694291459045,0.04509154822922288,0.7366362207056155,0.020850471728126454,0.16871043066729297,0.004829367579582449
Vigitel smoking,Random oversampling,LogisticRegression,15,0.2780875057020559,0.025639237852807605,0.5597393223899293,0.00966520368360305,0.3257794637891533,0.01438574039780889,0.6196345834426087,0.039819815796942416,0.7128209409235841,0.025900327998518467,0.2107790360297937,0.005146847261236672
Vigitel smoking,Random oversampling,RandomForest,15,0.2914747584615217,0.02744082046731074,0.5944178537186477,0.017313147556385505,0.27000207956958655,0.030784099419201218,0.2191581431943352,0.02533826149720791,0.7297238264990139,0.01957018475723525,0.11584424376439234,0.0030779945960545813
Vigitel smoking,Random undersampling,CatBoost,15,0.2963258987220502,0.01996735841564728,0.5579697076041833,0.013647338802877903,0.3327018776369713,0.020673138750417458,0.6623787044322055,0.05518930732528043,0.7370957971662194,0.017608944878361652,0.20761870407588823,0.0061169613840998446
Vigitel smoking,Random undersampling,LogisticRegression,15,0.270151541401816,0.022970243520128324,0.549807016579791,0.013373468643585358,0.31857432403533265,0.01927767912384342,0.6288749016522424,0.048905878661937255,0.7042436875397801,0.02566110209413006,0.21705339780573601,0.004942137659699881
Vigitel smoking,Random undersampling,RandomForest,15,0.28682074804366814,0.018619391216592566,0.5702461426116631,0.01296558275878647,0.3461013037889148,0.01915352413883143,0.672104204913017,0.05264309650112302,0.7377802595067335,0.02017233111617752,0.20627105145112673,0.0050394399437587185
Vigitel smoking,Real only,CatBoost,15,0.3176820986670013,0.027663848610112167,0.5289491150609889,0.019585521510887535,0.12326998627900251,0.03751417949684257,0.06981816592359473,0.022548303748547303,0.7505390530705132,0.019354776666094083,0.09731102086124821,0.00211308413519136
Vigitel smoking,Real only,LogisticRegression,15,0.28235906499943025,0.023818185472573757,0.4871832110492732,0.012092931806836727,0.04030636915104235,0.023009605001501975,0.021120727336305614,0.012228233907052799,0.7135451270436209,0.024854288300379782,0.10004990032625788,0.0019505424774087332
Vigitel smoking,Real only,RandomForest,15,0.30132610383431674,0.022006328945735565,0.48364606964862794,0.012900444882092833,0.03254956531596341,0.02457992603380263,0.016771570941515865,0.012823366683296908,0.7363854166244646,0.017276650013157428,0.09847661029464055,0.0014334759827910521
Vigitel smoking,SMOTE,CatBoost,15,0.2725612544845235,0.025817202915214634,0.5387085544500761,0.021054787544694784,0.14830880148984957,0.04032035504934077,0.09309817291721305,0.027141825691636926,0.7251222258099186,0.022764791837832633,0.10350466825809804,0.00270849608196718
Vigitel smoking,SMOTE,LogisticRegression,15,0.17306305406933095,0.012488252985408855,0.5368365535423503,0.011459635608222931,0.24297225657089386,0.0222060106175708,0.36149576011889145,0.04729796930519433,0.6080755313223147,0.02286155471438305,0.18623003403466643,0.005181249017399751
Vigitel smoking,SMOTE,RandomForest,15,0.24156490944761747,0.020881495858476245,0.5460221020274129,0.019602108376741756,0.1704172849081577,0.037598932466879065,0.12013724975959436,0.030627304384247368,0.7024670303791162,0.018865816148755248,0.11347859136369914,0.002434311007933422
Vigitel smoking,SepAware CTGAN,CatBoost,15,0.2701418516771911,0.03373415640117817,0.571443982231349,0.021140799749583106,0.21941566940967364,0.03977593305492099,0.15964245126322232,0.03307550439245962,0.7171113906084167,0.02238173210317058,0.10868206488914733,0.00489406760455478
Vigitel smoking,SepAware CTGAN,LogisticRegression,15,0.2324345201086007,0.025614153492636797,0.5501678248302777,0.02756010615569175,0.2911383967343119,0.033709676061329324,0.4978363493312353,0.0628673786092471,0.6638385858326639,0.03631742020133939,0.1941935521900732,0.013971311079393395
Vigitel smoking,SepAware CTGAN,RandomForest,15,0.2435743504863792,0.0243685410854222,0.5729357606533502,0.02565870593476406,0.23637270418309023,0.052353951359938,0.2072646210333071,0.06303675510104995,0.7008284633263508,0.022766795320402915,0.12512285294968697,0.007322179072944219
Vigitel smoking,SepAware TVAE,CatBoost,15,0.2758264038284123,0.027755729119918148,0.5471968940539065,0.02503242357450843,0.16730822902090534,0.04836771900312071,0.1104204913016872,0.03348842861580842,0.7347098629058791,0.01995126452289842,0.10390952766807203,0.0030355505270202917
Vigitel smoking,SepAware TVAE,LogisticRegression,15,0.20397609622734736,0.01920833020406577,0.5526343225851449,0.01632781585354064,0.2011035524973196,0.032093221597886655,0.17593758195646472,0.03399725810590214,0.6528997374189682,0.026971014545866864,0.12853399345394914,0.004569534787416076
Vigitel smoking,SepAware TVAE,RandomForest,15,0.28599813878330543,0.024143098664739286,0.47743918301801874,0.00821919944111374,0.020918834238402025,0.016162492512124586,0.010822624355275812,0.008496608317854298,0.7302828301736637,0.017263093737122003,0.09948430816743688,0.001599136401589737
Vigitel smoking,Standard CTGAN,CatBoost,15,0.2617394781487625,0.029498916803358022,0.5498819915120191,0.024414358881686003,0.17280737983701294,0.04666140472477023,0.11472156657050443,0.03473614679077285,0.7061309758018399,0.019873778328549918,0.10671350127675638,0.004060053185823377
Vigitel smoking,Standard CTGAN,LogisticRegression,15,0.18015695892822714,0.033561083466914714,0.5170961735236571,0.026900102185597158,0.23631733487018944,0.041593689072033625,0.40313401521111986,0.10427229812964496,0.59907528486243,0.04407221793632912,0.20233102719973953,0.01664365861158479
Vigitel smoking,Standard CTGAN,RandomForest,15,0.21008363549061335,0.022520225781422567,0.5418295425048554,0.022603398897919107,0.16855743803065076,0.046422122649297216,0.1293163738088994,0.044805180761555895,0.6688006817671815,0.024091039827871915,0.12665488438151412,0.004828067300571243
Vigitel smoking,Standard TVAE,CatBoost,15,0.2720491441125868,0.02011674130575849,0.5449380006587281,0.024805284936230455,0.16307514811622073,0.04824629640440709,0.10773669027012847,0.03490161813513473,0.7310015469991384,0.01642729547838065,0.10458116795319138,0.0021812281927820775
Vigitel smoking,Standard TVAE,LogisticRegression,15,0.2026726290858145,0.02084990313123709,0.5459041065515726,0.016002055939174514,0.18942392795062934,0.03115896293047813,0.16618585540694114,0.033020414766931724,0.6516495782519804,0.027195206035147305,0.1294659109689999,0.0045768766745838225
Vigitel smoking,Standard TVAE,RandomForest,15,0.2829805314954864,0.024095180833450507,0.4779203840497616,0.007989763545496638,0.02199985135094547,0.015384772605568446,0.011369000786782062,0.00800937777602362,0.7299654612262185,0.016560187937076417,0.09971766114366061,0.0016905511726823283
