dataset,task,repeat,fold,condition,regime,generator_seed,seconds,marginal_similarity,correlation_similarity,detection_auroc,coverage_distance,diversity,exact_match_rate,membership_proxy_auroc
Vigitel obesity,vigitel_obesity,0,0,Standard CTGAN,TSTR,10042,9.38133978843689,0.9302666666666667,0.9480174561615559,0.99178625,2.2886202199778913,5.584513701096381,0.0,0.500462375
Vigitel obesity,vigitel_obesity,0,0,SepAware CTGAN,TSTR,10042,11.720841884613037,0.8992833333333333,0.9600295028799108,0.9823878749999999,1.9607544692209176,4.55975714262336,0.0,0.524738875
Vigitel obesity,vigitel_obesity,0,0,Standard TVAE,TSTR,20042,8.030935049057007,0.6735,0.9362610963556325,0.999881875,3.7608538549646133,0.8201736679863004,0.0,0.49387549999999997
Vigitel obesity,vigitel_obesity,0,0,SepAware TVAE,TSTR,20042,9.411336898803711,0.6468500000000001,0.9272387918751085,0.999960375,3.801341710224533,0.490028559922318,0.0,0.491194625
Vigitel obesity,vigitel_obesity,0,1,Standard CTGAN,TSTR,10079,8.220451831817627,0.9155333333333335,0.948136563798402,0.9958319375,2.3964873410529512,5.357783405204061,0.0,0.49663262500000005
Vigitel obesity,vigitel_obesity,0,1,SepAware CTGAN,TSTR,10079,10.511462926864624,0.8709500000000001,0.9576271452823939,0.9861064687500001,2.035004965167615,4.419977822757626,0.0,0.51746275
Vigitel obesity,vigitel_obesity,0,1,Standard TVAE,TSTR,20079,4.087939977645874,0.6886666666666665,0.9360608026292916,0.999867375,3.85364958399957,1.3057415943459452,0.0,0.50218325
Vigitel obesity,vigitel_obesity,0,1,SepAware TVAE,TSTR,20079,5.844343900680542,0.6522333333333332,0.92605286449353,0.9999834375,3.8548068805052744,1.2092261621640408,0.0,0.5023655
Vigitel obesity,vigitel_obesity,0,2,Standard CTGAN,TSTR,10116,8.052459001541138,0.9296666666666665,0.947867108368324,0.99223025,2.2547809020261758,5.437173198308971,0.0,0.497824625
Vigitel obesity,vigitel_obesity,0,2,SepAware CTGAN,TSTR,10116,10.360846757888794,0.8829999999999999,0.9596398495384447,0.9765499374999999,2.057140284886752,4.254744508411852,0.0,0.5285704999999999
Vigitel obesity,vigitel_obesity,0,2,Standard TVAE,TSTR,20116,4.0347490310668945,0.6721499999999999,0.9373609326678458,0.9998254999999999,3.803226218806968,1.3468294329786594,0.0,0.49474962499999997
Vigitel obesity,vigitel_obesity,0,2,SepAware TVAE,TSTR,20116,5.447221994400024,0.6496666666666666,0.9228224253389575,0.999985125,3.835338746289302,1.0017770320170425,0.0,0.4951462499999999
Vigitel obesity,vigitel_obesity,0,3,Standard CTGAN,TSTR,10153,9.896759986877441,0.9085333333333333,0.9494348524206419,0.9946258125,2.3495088347708126,5.593506513669059,0.0,0.511082625
Vigitel obesity,vigitel_obesity,0,3,SepAware CTGAN,TSTR,10153,12.537243843078613,0.8755833333333333,0.9600901202908176,0.9886285625,2.0535990836906555,4.589755401322394,0.0,0.52645275
Vigitel obesity,vigitel_obesity,0,3,Standard TVAE,TSTR,20153,5.940253973007202,0.6709833333333333,0.9358187376917001,0.9997833124999999,3.8325781526406972,1.7744385999319454,0.0,0.502462
Vigitel obesity,vigitel_obesity,0,3,SepAware TVAE,TSTR,20153,8.063869953155518,0.6477166666666666,0.928556363606949,0.9998672500000001,3.8624090832995104,0.9940166606055048,0.0,0.50551725
Vigitel obesity,vigitel_obesity,0,4,Standard CTGAN,TSTR,10190,13.215774774551392,0.91775,0.9487311314020279,0.9861861875,2.341087907012201,5.477653379092754,0.0,0.510887875
Vigitel obesity,vigitel_obesity,0,4,SepAware CTGAN,TSTR,10190,16.070389986038208,0.8849333333333332,0.9578317221986044,0.9618287812499999,2.030096827453097,4.571915071022364,0.00025,0.51840325
Vigitel obesity,vigitel_obesity,0,4,Standard TVAE,TSTR,20190,6.324258804321289,0.6947666666666666,0.9325772247890383,0.999799875,3.7842477435905195,1.1314428022256704,0.0,0.511400125
Vigitel obesity,vigitel_obesity,0,4,SepAware TVAE,TSTR,20190,8.178381204605103,0.64695,0.9209938492578413,0.99992175,3.8645004187709127,0.33528127646743244,0.0,0.509487625
Vigitel obesity,vigitel_obesity,1,0,Standard CTGAN,TSTR,10043,11.77204418182373,0.9284166666666666,0.9495377490396703,0.9889339375000001,2.2432911732679783,5.650389415303845,0.0,0.488586375
Vigitel obesity,vigitel_obesity,1,0,SepAware CTGAN,TSTR,10043,14.645126342773438,0.8971166666666668,0.9601932235092304,0.9766684374999999,2.028686121794978,4.681226365829602,0.0,0.5120013750000001
Vigitel obesity,vigitel_obesity,1,0,Standard TVAE,TSTR,20043,5.51416802406311,0.7009500000000001,0.9344469085698144,0.9998856875000001,3.817861990414958,1.338699821963429,0.0,0.497258625
Vigitel obesity,vigitel_obesity,1,0,SepAware TVAE,TSTR,20043,7.215503931045532,0.64755,0.9190753136362765,0.9999443125,3.94616530767528,0.24495852339000926,0.0,0.49558662499999995
Vigitel obesity,vigitel_obesity,1,1,Standard CTGAN,TSTR,10080,10.674252033233643,0.9516833333333332,0.9477569819304356,0.9785784062500001,2.2892725891112278,5.541797673805246,0.0,0.500146
Vigitel obesity,vigitel_obesity,1,1,SepAware CTGAN,TSTR,10080,13.35402798652649,0.9009,0.9602521136613412,0.9400950312499999,2.0777689855596093,4.431450231272149,0.00025,0.525952125
Vigitel obesity,vigitel_obesity,1,1,Standard TVAE,TSTR,20080,5.13295316696167,0.7040333333333334,0.9415587189779159,0.999806,3.7497399750047027,1.491948856021149,0.0,0.494923625
Vigitel obesity,vigitel_obesity,1,1,SepAware TVAE,TSTR,20080,6.993864059448242,0.6625333333333334,0.9271001184427391,0.9999496875,3.78486948343917,0.8417769159797588,0.0,0.49215949999999997
Vigitel obesity,vigitel_obesity,1,2,Standard CTGAN,TSTR,10117,10.801523923873901,0.9125333333333333,0.9489634589915471,0.9944431875000002,2.434303394196889,5.61745532848749,0.0,0.5204621249999999
Vigitel obesity,vigitel_obesity,1,2,SepAware CTGAN,TSTR,10117,13.480865955352783,0.8803833333333333,0.9564589414944813,0.98532840625,2.1232573224919586,4.627919203571092,0.0,0.5230165
Vigitel obesity,vigitel_obesity,1,2,Standard TVAE,TSTR,20117,4.93787407875061,0.6798333333333333,0.9337718897415761,0.9998906875,3.7657048509452515,1.2364257957913376,0.0,0.505315375
Vigitel obesity,vigitel_obesity,1,2,SepAware TVAE,TSTR,20117,6.65375018119812,0.6481,0.927141802272973,0.9999778125,3.8592664106669385,0.6707980437113279,0.0,0.5079072499999999
Vigitel obesity,vigitel_obesity,1,3,Standard CTGAN,TSTR,10154,10.389371871948242,0.9403666666666665,0.9484829709510146,0.9906594375000001,2.326551271922355,5.672279831908143,0.0,0.511047
Vigitel obesity,vigitel_obesity,1,3,SepAware CTGAN,TSTR,10154,12.920703887939453,0.9215333333333332,0.9587505387546947,0.9697178125000001,2.0233878227499136,4.768040121240846,0.00025,0.532598
Vigitel obesity,vigitel_obesity,1,3,Standard TVAE,TSTR,20154,5.0118408203125,0.6807666666666667,0.9366178383238657,0.9999369374999999,3.825446133680393,1.596307094222172,0.0,0.5067311250000001
Vigitel obesity,vigitel_obesity,1,3,SepAware TVAE,TSTR,20154,6.623605012893677,0.6488499999999999,0.924983824880375,0.99993059375,3.850808023128632,1.1757054585581181,0.0,0.5040773749999999
Vigitel obesity,vigitel_obesity,1,4,Standard CTGAN,TSTR,10191,9.966360807418823,0.9224999999999999,0.9499488124289769,0.9894137500000001,2.267206212340519,5.3679255751393615,0.0,0.503644875
Vigitel obesity,vigitel_obesity,1,4,SepAware CTGAN,TSTR,10191,12.422788858413696,0.85345,0.9573089463771047,0.9687770625000001,2.073326454164665,4.342061614269999,0.0,0.520735875
Vigitel obesity,vigitel_obesity,1,4,Standard TVAE,TSTR,20191,5.012742042541504,0.6867500000000001,0.9402411466442211,0.9998596875000001,3.8307416858483316,1.2718459343108783,0.0,0.49903000000000003
Vigitel obesity,vigitel_obesity,1,4,SepAware TVAE,TSTR,20191,6.730339288711548,0.6464500000000001,0.9281475300170525,0.9999628750000001,3.881987296036427,0.5152248973036946,0.0,0.49908625
Vigitel obesity,vigitel_obesity,2,0,Standard CTGAN,TSTR,10044,10.327985763549805,0.9222166666666667,0.9479384046953154,0.9921057499999999,2.271231085091863,5.500563913300986,0.0,0.5069097499999999
Vigitel obesity,vigitel_obesity,2,0,SepAware CTGAN,TSTR,10044,12.91253399848938,0.8825500000000001,0.960187288630539,0.9800734375,2.018441076566068,4.591357390431674,0.0,0.5171083750000001
Vigitel obesity,vigitel_obesity,2,0,Standard TVAE,TSTR,20044,5.728760004043579,0.6832666666666667,0.9413669859804533,0.9998059375,3.885137600295823,1.1652181634229102,0.0,0.50128825
Vigitel obesity,vigitel_obesity,2,0,SepAware TVAE,TSTR,20044,7.26948094367981,0.6507333333333334,0.9273516422763636,0.9999798125,3.9011255462037715,1.2264496044019515,0.0,0.50177275
Vigitel obesity,vigitel_obesity,2,1,Standard CTGAN,TSTR,10081,11.16402816772461,0.9387166666666666,0.9481412235179469,0.9854050625,2.293141587740339,5.573664977440034,0.0,0.49476462499999996
Vigitel obesity,vigitel_obesity,2,1,SepAware CTGAN,TSTR,10081,13.658411979675293,0.889,0.9583768324834901,0.9580051249999999,1.9906650490731908,4.496897843157568,0.0,0.523512875
Vigitel obesity,vigitel_obesity,2,1,Standard TVAE,TSTR,20081,4.880077123641968,0.6834166666666666,0.9310155146410795,0.9997680937500001,3.827587954587117,1.2025002268783636,0.00525,0.497080125
Vigitel obesity,vigitel_obesity,2,1,SepAware TVAE,TSTR,20081,6.385821342468262,0.6528833333333334,0.9242658953593685,0.9999004375,3.834725019631205,1.239159762057131,0.02425,0.49699387500000003
Vigitel obesity,vigitel_obesity,2,2,Standard CTGAN,TSTR,10118,10.12167501449585,0.9286833333333334,0.9499016822767367,0.989687125,2.3250781302625048,5.459286062040439,0.0,0.511026875
Vigitel obesity,vigitel_obesity,2,2,SepAware CTGAN,TSTR,10118,12.664495944976807,0.8725500000000002,0.957907556311838,0.9715095,2.055429141879108,4.328702896301512,0.0,0.5277323749999999
Vigitel obesity,vigitel_obesity,2,2,Standard TVAE,TSTR,20118,4.948596000671387,0.6621666666666666,0.9305776930726878,0.999922875,3.9083135653594994,1.33572403475534,0.0,0.515315125
Vigitel obesity,vigitel_obesity,2,2,SepAware TVAE,TSTR,20118,6.451582908630371,0.6484666666666666,0.9248410370054334,0.9999742500000001,3.9308709863234883,0.6099740985778137,0.0,0.514667
Vigitel obesity,vigitel_obesity,2,3,Standard CTGAN,TSTR,10155,10.266324996948242,0.9105166666666668,0.9483600787459867,0.9952564999999999,2.2664467765004,5.607197264574629,0.0,0.48064275
Vigitel obesity,vigitel_obesity,2,3,SepAware CTGAN,TSTR,10155,13.163970947265625,0.9011,0.9585418200081728,0.9902572500000001,1.9742241734224133,4.67229804961684,0.0,0.506547625
Vigitel obesity,vigitel_obesity,2,3,Standard TVAE,TSTR,20155,5.106039762496948,0.6791333333333331,0.9302265710890767,0.9998686875,3.7615175729477897,1.1765847224731043,0.0,0.486858
Vigitel obesity,vigitel_obesity,2,3,SepAware TVAE,TSTR,20155,6.716580867767334,0.64545,0.9256567657846974,0.99997075,3.800596610789964,0.6115894060860115,0.0,0.486673
Vigitel obesity,vigitel_obesity,2,4,Standard CTGAN,TSTR,10192,10.126641035079956,0.9251333333333335,0.9489558317199075,0.9938131250000001,2.3409689467655483,5.599589653763406,0.0,0.5038900000000001
Vigitel obesity,vigitel_obesity,2,4,SepAware CTGAN,TSTR,10192,12.67264699935913,0.8892000000000001,0.9578389397380422,0.985001375,2.0664046178120183,4.502823473176777,0.0,0.5225785
Vigitel obesity,vigitel_obesity,2,4,Standard TVAE,TSTR,20192,4.741320848464966,0.6821666666666667,0.9413309131281508,0.999855375,3.808522312650497,1.239613400706777,0.0,0.50371925
Vigitel obesity,vigitel_obesity,2,4,SepAware TVAE,TSTR,20192,6.479644775390625,0.6483500000000001,0.9256575734066635,0.99996303125,3.841590840343421,0.7959807070127852,0.0,0.500783875
COVID-19 hospital mortality,covid_mortality,0,0,Standard CTGAN,TSTR,10042,2.3427011966705322,0.958007036658722,0.9558171153164241,0.7643956290591816,4.665745030915231,10.239335919883032,0.0,0.4676616915422886
COVID-19 hospital mortality,covid_mortality,0,0,SepAware CTGAN,TSTR,10042,3.09194016456604,0.9561911247304506,0.9589501590639298,0.7548569905595534,4.432584101913117,7.545755903975683,0.0,0.5191458438146347
COVID-19 hospital mortality,covid_mortality,0,0,Standard TVAE,TSTR,20042,1.5000660419464111,0.8767449778685733,0.9513875444373456,0.9885045378669921,5.632660743155686,1.5325728380050863,0.0,0.5064285314998043
COVID-19 hospital mortality,covid_mortality,0,0,SepAware TVAE,TSTR,20042,2.028820037841797,0.8843491090682101,0.9522579454752991,0.9892339631640226,5.694322592696977,1.2933509046809335,0.0,0.4982670915087485
COVID-19 hospital mortality,covid_mortality,0,1,Standard CTGAN,TSTR,10079,3.2974190711975098,0.9284984678243106,0.9560880422705583,0.8948505379511567,4.542585862802086,12.571843603580994,0.0,0.5067080328693611
COVID-19 hospital mortality,covid_mortality,0,1,SepAware CTGAN,TSTR,10079,3.958899974822998,0.9266825558960391,0.9620059373978963,0.8500540055267993,4.464450812665816,7.990431595480311,0.0,0.5043602213650846
COVID-19 hospital mortality,covid_mortality,0,1,Standard TVAE,TSTR,20079,1.3655281066894531,0.8752695494268528,0.9522051532608083,0.990117689966194,5.760558819047198,1.2448233342219466,0.0,0.4901336016546481
COVID-19 hospital mortality,covid_mortality,0,1,SepAware TVAE,TSTR,20079,1.955765962600708,0.8858245375099307,0.9517009445602249,0.9915204309220216,5.783743586076072,1.171106418273632,0.0,0.49127955726983064
COVID-19 hospital mortality,covid_mortality,0,2,Standard CTGAN,TSTR,10116,2.570441961288452,0.9415503348087617,0.9543884639817087,0.84386090420682,4.811333164871904,11.534560685493277,0.0,0.5188104421711667
COVID-19 hospital mortality,covid_mortality,0,2,SepAware CTGAN,TSTR,10116,3.238105058670044,0.9391669504029054,0.9634316655658076,0.7913843650493062,4.542166430193546,7.811632660271224,0.0,0.5465928783051037
COVID-19 hospital mortality,covid_mortality,0,2,Standard TVAE,TSTR,20116,1.3720250129699707,0.8773124503461583,0.9511360258473603,0.9907068411676415,5.89425941391203,0.6456657008291153,0.0,0.5371177818771312
COVID-19 hospital mortality,covid_mortality,0,2,SepAware TVAE,TSTR,20116,1.9181458950042725,0.8838951310861424,0.9516561679410019,0.9910084304731446,6.099426742062785,0.4533755146220599,0.0,0.5392140421488066
COVID-19 hospital mortality,covid_mortality,0,3,Standard CTGAN,TSTR,10153,2.933716058731079,0.9462036091249575,0.9547766429155718,0.8277293832148017,4.584380734773574,13.847503334956494,0.0,0.434820280619375
COVID-19 hospital mortality,covid_mortality,0,3,SepAware CTGAN,TSTR,10153,3.6100831031799316,0.947565543071161,0.9635811991672969,0.7584480074064722,4.133317042957861,8.212692099619847,0.0,0.4719380624965062
COVID-19 hospital mortality,covid_mortality,0,3,Standard TVAE,TSTR,20153,1.3794090747833252,0.8778799228237429,0.9515340951611007,0.9854886448119626,5.881544102777495,1.024575626119179,0.0,0.4803231035832076
COVID-19 hospital mortality,covid_mortality,0,3,SepAware TVAE,TSTR,20153,2.1225759983062744,0.8843491090682102,0.9517682639900401,0.9890866753636607,5.805668592776129,1.3749352961194772,0.003745318352059925,0.4821119123483705
COVID-19 hospital mortality,covid_mortality,0,4,Standard CTGAN,TSTR,10190,2.3992838859558105,0.9402985074626867,0.9550201863680892,0.8482540654934285,4.782311498781114,11.586999735820104,0.0,0.5562528267752148
COVID-19 hospital mortality,covid_mortality,0,4,SepAware CTGAN,TSTR,10190,3.1543710231781006,0.9401854364540931,0.9602593595250211,0.8052043885052351,4.766208689957256,8.856876666385054,0.0037313432835820895,0.6009724106739033
COVID-19 hospital mortality,covid_mortality,0,4,Standard TVAE,TSTR,20190,1.3565177917480469,0.8738127544097694,0.9498392568301619,0.9885762419247048,5.958902062954421,1.0873062436121974,0.0,0.5693407960199004
COVID-19 hospital mortality,covid_mortality,0,4,SepAware TVAE,TSTR,20190,1.9094657897949219,0.8824061510628673,0.9509303359147185,0.9887085096903542,6.095623773220115,0.9952433795247289,0.0,0.5716587516960651
COVID-19 hospital mortality,covid_mortality,1,0,Standard CTGAN,TSTR,10043,2.512044906616211,0.9431392577459992,0.9572759028741435,0.8167739763497874,4.475227413480571,11.214162969142428,0.0,0.4871708871373469
COVID-19 hospital mortality,covid_mortality,1,0,SepAware CTGAN,TSTR,10043,3.1816139221191406,0.9405288843491091,0.9611537347391983,0.796686725862335,3.980044628934579,7.32069186763073,0.0,0.49726088657834416
COVID-19 hospital mortality,covid_mortality,1,0,Standard TVAE,TSTR,20043,1.3874459266662598,0.8770854613551242,0.9506611213874312,0.9889814697919735,5.705891774895411,0.48711229832218506,0.0,0.47822684331153226
COVID-19 hospital mortality,covid_mortality,1,0,SepAware TVAE,TSTR,20043,2.075178861618042,0.8894563613664737,0.9518568866634136,0.988146838923256,5.5951949668974335,0.44545392539510176,0.0,0.4750684778355414
COVID-19 hospital mortality,covid_mortality,1,1,Standard CTGAN,TSTR,10080,2.64001202583313,0.9507433889456361,0.9592973897776741,0.787568909649455,4.543977397219397,10.20663310789784,0.0,0.46495052825758854
COVID-19 hospital mortality,covid_mortality,1,1,SepAware CTGAN,TSTR,10080,3.3202638626098633,0.95471569628873,0.9638969503245698,0.7360532480466833,4.376635821944314,7.528733666949228,0.0,0.5340432668120074
COVID-19 hospital mortality,covid_mortality,1,1,Standard TVAE,TSTR,20080,1.4184231758117676,0.8840086255816592,0.9534755082885141,0.9872911669402011,5.569625337112483,1.1709674245118544,0.0,0.48596903124825314
COVID-19 hospital mortality,covid_mortality,1,1,SepAware TVAE,TSTR,20080,1.9878993034362793,0.8858245375099307,0.9529352996382046,0.99194125320877,5.702139797702788,1.1486505715405906,0.0,0.487590139191682
COVID-19 hospital mortality,covid_mortality,1,2,Standard CTGAN,TSTR,10117,2.476285934448242,0.9491544660083986,0.9562909431715612,0.816605647435088,4.576020314101631,9.405092077371787,0.0,0.5173011347755604
COVID-19 hospital mortality,covid_mortality,1,2,SepAware CTGAN,TSTR,10117,3.16282320022583,0.9391669504029055,0.9618577617806605,0.7834378375345424,4.311828325541521,7.540019187081525,0.003745318352059925,0.5323103583207559
COVID-19 hospital mortality,covid_mortality,1,2,Standard TVAE,TSTR,20117,1.3609578609466553,0.881511746680286,0.950934991085034,0.9856359326123245,5.796877709021862,1.4748486078728837,0.0,0.5418693051595953
COVID-19 hospital mortality,covid_mortality,1,2,SepAware TVAE,TSTR,20117,1.928633689880371,0.89183974577233,0.9503239672792133,0.9911697456830646,6.082628481377734,0.4865830427477303,0.0,0.5428196098160881
COVID-19 hospital mortality,covid_mortality,1,3,Standard CTGAN,TSTR,10154,2.721123218536377,0.9430257632504825,0.955233512884339,0.8611216316682799,4.582928391047733,10.67866245115866,0.0,0.5381798870814467
COVID-19 hospital mortality,covid_mortality,1,3,SepAware CTGAN,TSTR,10154,3.4085910320281982,0.944160708205652,0.961057209689069,0.7869797584480073,4.601377731036752,7.704123657936347,0.0,0.5148974229973727
COVID-19 hospital mortality,covid_mortality,1,3,Standard TVAE,TSTR,20154,1.4718608856201172,0.8867324934740664,0.9516190466940119,0.9868002076056613,5.9296084702790015,0.7877760842934386,0.0,0.521325954497177
COVID-19 hospital mortality,covid_mortality,1,3,SepAware TVAE,TSTR,20154,2.2774269580841064,0.8716377255703098,0.9502585046322718,0.9880135785324523,5.949483556816318,1.168300626490115,0.0,0.5202358991559058
COVID-19 hospital mortality,covid_mortality,1,4,Standard CTGAN,TSTR,10191,2.8004748821258545,0.9382632293080054,0.9546676863297601,0.8703218979728224,4.788228915370133,10.757991634189407,0.0,0.509469696969697
COVID-19 hospital mortality,covid_mortality,1,4,SepAware CTGAN,TSTR,10191,3.5013818740844727,0.9449344188150158,0.9618783622447202,0.8047588549788371,4.387763761150659,8.271761842867802,0.0,0.5356456354590682
COVID-19 hospital mortality,covid_mortality,1,4,Standard TVAE,TSTR,20191,1.3950181007385254,0.8842152872003618,0.9520401530001603,0.9910057919358431,5.961963846017086,0.9182402766848985,0.0,0.5341757123473542
COVID-19 hospital mortality,covid_mortality,1,4,SepAware TVAE,TSTR,20191,1.964097023010254,0.8732473993668023,0.9510694215578944,0.988576241924705,6.143180954665807,1.1354676363557186,0.0,0.532310040705563
COVID-19 hospital mortality,covid_mortality,2,0,Standard CTGAN,TSTR,10044,2.613732099533081,0.9432527522415163,0.9549978082789787,0.8778773723856417,4.956326680014173,14.365385634050957,0.0,0.47397842249427025
COVID-19 hospital mortality,covid_mortality,2,0,SepAware CTGAN,TSTR,10044,3.2995619773864746,0.9462036091249575,0.9599037780877393,0.81365989142785,4.4378834303647565,9.232694103290429,0.0,0.4854100285091397
COVID-19 hospital mortality,covid_mortality,2,0,Standard TVAE,TSTR,20044,1.3380820751190186,0.8734536374985813,0.9512118340158061,0.993308925640702,5.941624237035161,1.3480070962323187,0.0,0.495751579182738
COVID-19 hospital mortality,covid_mortality,2,0,SepAware TVAE,TSTR,20044,1.8935298919677734,0.874929065940302,0.9507925522008672,0.9928670622396162,6.006553570623119,1.5573282190787896,0.0,0.5016490580803846
COVID-19 hospital mortality,covid_mortality,2,1,Standard CTGAN,TSTR,10081,2.9863381385803223,0.9416638293042787,0.9563631792777127,0.8771760019077277,4.744217897981569,11.464468645355733,0.0,0.45142266197104364
COVID-19 hospital mortality,covid_mortality,2,1,SepAware CTGAN,TSTR,10081,3.724457263946533,0.9465440926115084,0.964364358412784,0.8160726058718737,4.560809535496097,7.822461685538332,0.0,0.4843758734417798
COVID-19 hospital mortality,covid_mortality,2,1,Standard TVAE,TSTR,20081,1.433600664138794,0.8825331971399387,0.9511008383028364,0.989205908344906,5.990235980079883,0.3305578131789626,0.0,0.4963664821957628
COVID-19 hospital mortality,covid_mortality,2,1,SepAware TVAE,TSTR,20081,2.0029399394989014,0.8773124503461582,0.9512323286565744,0.9868142350152197,5.99799583265564,0.1454635243221553,0.0,0.49614288110011734
COVID-19 hospital mortality,covid_mortality,2,2,Standard CTGAN,TSTR,10118,2.664039134979248,0.9404153898535922,0.9572814797324259,0.8477885788831374,4.7321227382266295,10.863429097316185,0.0,0.5330091117446475
COVID-19 hospital mortality,covid_mortality,2,2,SepAware CTGAN,TSTR,10118,3.3576090335845947,0.9496084439904665,0.958318193039179,0.783514988287113,4.445412775358536,7.918205467342879,0.0,0.5457543741964337
COVID-19 hospital mortality,covid_mortality,2,2,Standard TVAE,TSTR,20118,1.390542984008789,0.8724321870389286,0.9506525274179791,0.9887640449438203,5.804920884490186,0.5403205738610661,0.0,0.49214601151545645
COVID-19 hospital mortality,covid_mortality,2,2,SepAware TVAE,TSTR,20118,1.94486403465271,0.8773124503461582,0.9500003202763816,0.9852852473733676,5.949542506509459,0.3462284234967138,0.0,0.48907149645033265
COVID-19 hospital mortality,covid_mortality,2,3,Standard CTGAN,TSTR,10155,2.4635109901428223,0.9353081375553286,0.9562419370044025,0.85216513066532,4.6947650168141735,10.569817696795168,0.003745318352059925,0.5575772821286825
COVID-19 hospital mortality,covid_mortality,2,3,SepAware CTGAN,TSTR,10155,3.1396307945251465,0.9452956531608218,0.9605792555469544,0.8108053135827407,4.658279295860358,8.110629365693587,0.0,0.5917043993515568
COVID-19 hospital mortality,covid_mortality,2,3,Standard TVAE,TSTR,20155,1.3954691886901855,0.8728861650209965,0.9511529909723005,0.9857200970696742,5.98188117599599,1.1509353532317737,0.0,0.5597294426742692
COVID-19 hospital mortality,covid_mortality,2,3,SepAware TVAE,TSTR,20155,1.9371111392974854,0.8791283622744296,0.9508318547755606,0.9910996086352734,6.291379757499893,0.423879193618838,0.0,0.56101514897423
COVID-19 hospital mortality,covid_mortality,2,4,Standard CTGAN,TSTR,10192,2.8438799381256104,0.9386024423337856,0.9566483952499494,0.834358988638895,4.930677585004856,10.356937064574945,0.0,0.5154907281772954
COVID-19 hospital mortality,covid_mortality,2,4,SepAware CTGAN,TSTR,10192,3.555860996246338,0.9438037087290819,0.9611775565818521,0.7724298284695923,4.839200220479924,7.76992208764311,0.0,0.5094414292175486
COVID-19 hospital mortality,covid_mortality,2,4,Standard TVAE,TSTR,20192,1.4963009357452393,0.8782225237449117,0.9517336427681364,0.9890635442192025,5.850852340127775,1.3333056590694568,0.0,0.5582881049298959
COVID-19 hospital mortality,covid_mortality,2,4,SepAware TVAE,TSTR,20192,2.224483013153076,0.882858435097241,0.951973742268933,0.9854575072399198,5.898404307896742,1.3014472456053805,0.0,0.5550090456806874
Vigitel current smoking,vigitel_smoking,0,0,Standard CTGAN,TSTR,10042,38.239540100097656,0.8442500000000001,0.9584696652901534,0.9657114375,4.221942542770232,7.291929795232852,0.0,0.5009534999999999
Vigitel current smoking,vigitel_smoking,0,0,SepAware CTGAN,TSTR,10042,43.43752694129944,0.8176574074074074,0.962413467889069,0.9630949375,4.089274906779027,6.444441353405734,0.0,0.508966
Vigitel current smoking,vigitel_smoking,0,0,Standard TVAE,TSTR,20042,26.130321264266968,0.6403611111111112,0.9416528621565434,0.9994016875,5.238806585558143,2.271671234980198,0.0,0.5016115
Vigitel current smoking,vigitel_smoking,0,0,SepAware TVAE,TSTR,20042,29.28056812286377,0.639824074074074,0.9417820212304486,0.9994800624999999,5.273872062451689,2.1715528852068906,0.0,0.5007485
Vigitel current smoking,vigitel_smoking,0,1,Standard CTGAN,TSTR,10079,28.18649387359619,0.8561018518518521,0.9585300713183889,0.958715625,4.267951624533756,7.516837848732849,0.0,0.48956674999999994
Vigitel current smoking,vigitel_smoking,0,1,SepAware CTGAN,TSTR,10079,32.85736703872681,0.8273518518518517,0.9628981214223824,0.9359315624999999,4.233554027107575,6.67474762250361,0.0,0.5111297499999999
Vigitel current smoking,vigitel_smoking,0,1,Standard TVAE,TSTR,20079,20.64629626274109,0.6452129629629629,0.9371872559259059,0.9989023125000001,5.26205253880091,2.5356954876828,0.0,0.49739175
Vigitel current smoking,vigitel_smoking,0,1,SepAware TVAE,TSTR,20079,24.264177083969116,0.6208796296296297,0.933924625486982,0.99898140625,5.26964192001225,2.256773390554321,0.0,0.4984075
Vigitel current smoking,vigitel_smoking,0,2,Standard CTGAN,TSTR,10116,38.11193084716797,0.8469166666666667,0.9583219871048988,0.978332875,4.316236074525363,7.021532368939945,0.0,0.5041335
Vigitel current smoking,vigitel_smoking,0,2,SepAware CTGAN,TSTR,10116,42.942444801330566,0.8019259259259259,0.9623697980467504,0.9711963124999999,4.143929382832181,6.1474791176026065,0.0,0.5154975
Vigitel current smoking,vigitel_smoking,0,2,Standard TVAE,TSTR,20116,22.455777883529663,0.6424074074074075,0.9385643009729022,0.9989890625000001,5.190338185327921,2.457198749204129,0.0,0.49367825
Vigitel current smoking,vigitel_smoking,0,2,SepAware TVAE,TSTR,20116,25.711298942565918,0.6159629629629629,0.9392239420848584,0.9992233125000002,5.338447036376748,2.0097532827682634,0.0,0.493933
Vigitel current smoking,vigitel_smoking,0,3,Standard CTGAN,TSTR,10153,28.83043098449707,0.8416666666666667,0.9589353329972483,0.9779464375,4.289712481357892,7.360887429000892,0.0,0.49236199999999997
Vigitel current smoking,vigitel_smoking,0,3,SepAware CTGAN,TSTR,10153,33.00846886634827,0.8182685185185187,0.9618097562643018,0.9646260624999999,4.149378267999733,6.244719861941361,0.0,0.50845925
Vigitel current smoking,vigitel_smoking,0,3,Standard TVAE,TSTR,20153,20.946794033050537,0.6324722222222221,0.9459227216651396,0.9998525625,5.456018776990926,1.6788724165093516,0.0,0.498325
Vigitel current smoking,vigitel_smoking,0,3,SepAware TVAE,TSTR,20153,23.976555824279785,0.6055,0.9432326259143835,0.9997549062500001,5.5060023746060285,1.736276189455478,0.0,0.499149
Vigitel current smoking,vigitel_smoking,0,4,Standard CTGAN,TSTR,10190,26.619737148284912,0.8578425925925928,0.9583103276772174,0.94940675,4.415698931836839,7.308042032235192,0.0,0.5202735
Vigitel current smoking,vigitel_smoking,0,4,SepAware CTGAN,TSTR,10190,30.8384211063385,0.842388888888889,0.9627140133917075,0.9434759375,4.249514265853085,6.413502035156987,0.0,0.52346425
Vigitel current smoking,vigitel_smoking,0,4,Standard TVAE,TSTR,20190,21.710665941238403,0.656425925925926,0.9365096741412776,0.9981564375,5.434427477869851,2.2500250820507466,0.0,0.512843
Vigitel current smoking,vigitel_smoking,0,4,SepAware TVAE,TSTR,20190,25.29971694946289,0.6261296296296298,0.9374504405764492,0.9992130000000001,5.605769677133096,1.5922055429564126,0.0,0.5148772500000001
Vigitel current smoking,vigitel_smoking,1,0,Standard CTGAN,TSTR,10043,30.493052005767822,0.8322129629629628,0.9597696957753747,0.9847046249999999,4.309584969065707,7.280912159630831,0.0,0.49687349999999997
Vigitel current smoking,vigitel_smoking,1,0,SepAware CTGAN,TSTR,10043,34.84183192253113,0.8021388888888888,0.9635156026466787,0.9746697500000001,4.248362341498936,6.511574969754068,0.0,0.5100657500000001
Vigitel current smoking,vigitel_smoking,1,0,Standard TVAE,TSTR,20043,20.87060523033142,0.6386666666666666,0.9403870670845434,0.9994466875,5.3663598419625345,1.8673434181915323,0.0,0.50579425
Vigitel current smoking,vigitel_smoking,1,0,SepAware TVAE,TSTR,20043,23.924039363861084,0.6086203703703704,0.9422904873126852,0.99966353125,5.424458627375207,1.3487146627597504,0.0,0.504906
Vigitel current smoking,vigitel_smoking,1,1,Standard CTGAN,TSTR,10080,28.82089591026306,0.8450000000000002,0.9584506562430907,0.97553275,4.290450077273053,7.318504861823094,0.0,0.49538875
Vigitel current smoking,vigitel_smoking,1,1,SepAware CTGAN,TSTR,10080,32.86775803565979,0.8325648148148149,0.9622394341818103,0.9577668125000001,4.075483830488222,6.354661459205629,0.0,0.50289925
Vigitel current smoking,vigitel_smoking,1,1,Standard TVAE,TSTR,20080,23.425982236862183,0.6215,0.9389300625345733,0.9993171875,5.192007528929635,2.3439387606893987,0.0,0.49625224999999995
Vigitel current smoking,vigitel_smoking,1,1,SepAware TVAE,TSTR,20080,26.64849615097046,0.6232685185185185,0.9389656157508572,0.9994469375,5.270849126960929,2.0086401858634106,0.0,0.49453174999999994
Vigitel current smoking,vigitel_smoking,1,2,Standard CTGAN,TSTR,10117,28.99985098838806,0.8409537037037038,0.9588806804286711,0.9777583125,4.32390605949895,7.3634326732192505,0.0,0.50664225
Vigitel current smoking,vigitel_smoking,1,2,SepAware CTGAN,TSTR,10117,33.381924867630005,0.7970648148148148,0.9628075455264075,0.9678036250000002,4.1613166851991945,6.402331169949713,0.0,0.5150275
Vigitel current smoking,vigitel_smoking,1,2,Standard TVAE,TSTR,20117,21.14763593673706,0.6437962962962962,0.9341844738512908,0.9983366874999999,5.330960315324494,2.457152870795716,0.0,0.5065517500000001
Vigitel current smoking,vigitel_smoking,1,2,SepAware TVAE,TSTR,20117,24.14322829246521,0.6273333333333333,0.9286662537920033,0.998216125,5.340527738345458,2.3354745989134282,0.0,0.5058435
Vigitel current smoking,vigitel_smoking,1,3,Standard CTGAN,TSTR,10154,28.311877012252808,0.8564629629629629,0.9586447817461774,0.9450313124999999,4.25653922168012,7.381020853894691,0.0,0.48836999999999997
Vigitel current smoking,vigitel_smoking,1,3,SepAware CTGAN,TSTR,10154,32.7549991607666,0.8432314814814814,0.9623321312412427,0.9375358124999998,4.135344859406969,6.477606558579839,0.0,0.50502775
Vigitel current smoking,vigitel_smoking,1,3,Standard TVAE,TSTR,20154,21.979735851287842,0.6422037037037037,0.9376096982730203,0.99891778125,5.228640829352321,2.141622613802823,0.0,0.48676975
Vigitel current smoking,vigitel_smoking,1,3,SepAware TVAE,TSTR,20154,25.12658190727234,0.6442777777777777,0.9404217423618682,0.9992027187500001,5.338621368013046,1.3843837062926259,0.0,0.48547700000000005
Vigitel current smoking,vigitel_smoking,1,4,Standard CTGAN,TSTR,10191,28.611021995544434,0.8411944444444444,0.9574266313364531,0.9832631250000001,4.377383123780097,7.425547976933123,0.0,0.50749925
Vigitel current smoking,vigitel_smoking,1,4,SepAware CTGAN,TSTR,10191,32.889487743377686,0.828388888888889,0.9615093904301354,0.9730458750000001,4.263768162364242,6.707238014426465,0.0,0.5213384999999999
Vigitel current smoking,vigitel_smoking,1,4,Standard TVAE,TSTR,20191,20.617092847824097,0.6601296296296295,0.9465799928189389,0.99912353125,5.511810390792912,1.7553232380363628,0.0,0.5228502500000001
Vigitel current smoking,vigitel_smoking,1,4,SepAware TVAE,TSTR,20191,23.882896900177002,0.6228796296296295,0.9460617556818076,0.9992658125000001,5.608022925518786,1.1833131152717313,0.0,0.5218769999999999
Vigitel current smoking,vigitel_smoking,2,0,Standard CTGAN,TSTR,10044,28.068278074264526,0.849925925925926,0.9586485334069207,0.9310800625,4.326027520411596,7.465713836596,0.0,0.5138225000000001
Vigitel current smoking,vigitel_smoking,2,0,SepAware CTGAN,TSTR,10044,32.865631103515625,0.8321111111111112,0.9625964395873422,0.9143979375,4.1722711376769555,6.65841629996007,0.0,0.5252265
Vigitel current smoking,vigitel_smoking,2,0,Standard TVAE,TSTR,20044,22.510464906692505,0.6440925925925924,0.939264604621895,0.9993365625,5.3886650665527425,2.222144808879385,0.0,0.51773775
Vigitel current smoking,vigitel_smoking,2,0,SepAware TVAE,TSTR,20044,25.70130681991577,0.6082592592592595,0.9440794785184414,0.99978428125,5.5843520343143584,1.3293917185676771,0.0,0.51854175
Vigitel current smoking,vigitel_smoking,2,1,Standard CTGAN,TSTR,10081,29.420823097229004,0.8488981481481481,0.9584456588912745,0.9802121250000002,4.287837989724874,7.3734196733626165,0.0,0.502345
Vigitel current smoking,vigitel_smoking,2,1,SepAware CTGAN,TSTR,10081,34.073105335235596,0.8191388888888889,0.9622137115550575,0.9713733125,4.169280872714636,6.323492026821494,0.0,0.5192632500000001
Vigitel current smoking,vigitel_smoking,2,1,Standard TVAE,TSTR,20081,23.203431844711304,0.6442222222222221,0.936587297913667,0.999379,5.474987480037415,1.7924116737406979,0.0,0.5048900000000001
Vigitel current smoking,vigitel_smoking,2,1,SepAware TVAE,TSTR,20081,26.503248691558838,0.6247962962962963,0.9411611012242534,0.9992451874999999,5.4851338489612145,1.5105348811925925,0.0,0.5034237500000001
Vigitel current smoking,vigitel_smoking,2,2,Standard CTGAN,TSTR,10118,30.718634843826294,0.8413796296296296,0.9585199116145556,0.95036475,4.323738737454613,7.2073416852825085,0.0,0.5073885
Vigitel current smoking,vigitel_smoking,2,2,SepAware CTGAN,TSTR,10118,35.230180978775024,0.8312592592592594,0.9626979261664589,0.937442125,4.258263624739828,6.366308672619697,0.0,0.5240527500000001
Vigitel current smoking,vigitel_smoking,2,2,Standard TVAE,TSTR,20118,20.664548873901367,0.6399351851851852,0.9447825529758103,0.999490875,5.410417268740925,2.2253812311813777,0.0,0.5248412499999999
Vigitel current smoking,vigitel_smoking,2,2,SepAware TVAE,TSTR,20118,23.77014970779419,0.6187777777777778,0.9431693309551153,0.9992999687499999,5.393381405766639,2.306374799411319,0.0,0.522813
Vigitel current smoking,vigitel_smoking,2,3,Standard CTGAN,TSTR,10155,37.223320960998535,0.8434074074074075,0.9576001432509574,0.9780274375,4.20187857315638,7.151046774354306,0.0,0.47313875
Vigitel current smoking,vigitel_smoking,2,3,SepAware CTGAN,TSTR,10155,42.38241386413574,0.812861111111111,0.9619110864488556,0.9735238125,4.166102025603104,6.128458038969402,0.0,0.48535225000000004
Vigitel current smoking,vigitel_smoking,2,3,Standard TVAE,TSTR,20155,24.672711849212646,0.6472314814814815,0.9447774274260968,0.9997473749999998,5.307731645198868,1.9411097982622938,0.0,0.4765
Vigitel current smoking,vigitel_smoking,2,3,SepAware TVAE,TSTR,20155,28.02585768699646,0.6175092592592593,0.9440972341048544,0.9996176250000001,5.3347294931097915,1.6001564814385134,0.0,0.47769475000000006
Vigitel current smoking,vigitel_smoking,2,4,Standard CTGAN,TSTR,10192,31.599614143371582,0.8534907407407407,0.9580481577988877,0.95105025,4.173145402140616,7.327043131384726,0.0,0.480651
Vigitel current smoking,vigitel_smoking,2,4,SepAware CTGAN,TSTR,10192,36.466012954711914,0.8338333333333333,0.9635273183741481,0.938950625,4.0926147286104575,6.3632053047061685,0.0,0.49727625000000003
Vigitel current smoking,vigitel_smoking,2,4,Standard TVAE,TSTR,20192,22.665162801742554,0.6476759259259259,0.9384262037986102,0.9992073124999998,5.249075604571903,2.202992605794245,0.0,0.48284249999999995
Vigitel current smoking,vigitel_smoking,2,4,SepAware TVAE,TSTR,20192,26.098001956939697,0.6548888888888889,0.9385381430234867,0.9990990625,5.425166010493756,1.4440142339892215,0.0,0.48238625
Kidney-cohort 365-day mortality,kidney_mortality,0,0,Standard CTGAN,TSTR,10042,19.035983085632324,0.87975,0.859265855773804,0.9984256250000001,2.1141883402934654,6.926227024985792,0.0,0.479403375
Kidney-cohort 365-day mortality,kidney_mortality,0,0,SepAware CTGAN,TSTR,10042,21.783079147338867,0.8843333333333333,0.8723304682233863,0.99548475,1.7955399087213697,3.8128605772956954,0.0,0.481421375
Kidney-cohort 365-day mortality,kidney_mortality,0,0,Standard TVAE,TSTR,20042,8.718421936035156,0.8259833333333334,0.9070252802419922,0.9785880625000001,2.904286313051438,2.079671992728069,0.09925,0.476053
Kidney-cohort 365-day mortality,kidney_mortality,0,0,SepAware TVAE,TSTR,20042,10.36040997505188,0.7653833333333334,0.8920521361982557,0.9974289375000001,2.9050664754061053,2.0527049481122863,0.0495,0.475052125
Kidney-cohort 365-day mortality,kidney_mortality,0,1,Standard CTGAN,TSTR,10079,18.911062002182007,0.8324333333333332,0.856659166412598,0.998231125,2.4550596353916982,6.349935867835028,0.0,0.51607275
Kidney-cohort 365-day mortality,kidney_mortality,0,1,SepAware CTGAN,TSTR,10079,21.716583013534546,0.8393499999999999,0.8704593920504671,0.994630125,2.3475293532112427,4.092441739112328,0.0,0.5158541249999999
Kidney-cohort 365-day mortality,kidney_mortality,0,1,Standard TVAE,TSTR,20079,9.116061925888062,0.8165166666666667,0.9037882017631526,0.9786388750000001,3.467783261808385,1.550406305081837,0.0995,0.515350375
Kidney-cohort 365-day mortality,kidney_mortality,0,1,SepAware TVAE,TSTR,20079,10.826353788375854,0.7974833333333333,0.9013753541290913,0.97476875,3.258958560174176,1.6605906877296914,0.2215,0.515365
Kidney-cohort 365-day mortality,kidney_mortality,0,2,Standard CTGAN,TSTR,10116,17.519105672836304,0.8105999999999999,0.8591608699332116,0.9980141875,2.6802863248001003,6.5546426098957005,0.0,0.504804625
Kidney-cohort 365-day mortality,kidney_mortality,0,2,SepAware CTGAN,TSTR,10116,20.021658897399902,0.8307833333333333,0.8686602051669464,0.9947410625,2.2746064652722846,4.454888816263752,0.0,0.500928875
Kidney-cohort 365-day mortality,kidney_mortality,0,2,Standard TVAE,TSTR,20116,8.491686820983887,0.8244666666666667,0.9046190553378537,0.98179803125,3.443117133524894,2.3050451779316696,0.10625,0.4972662499999999
Kidney-cohort 365-day mortality,kidney_mortality,0,2,SepAware TVAE,TSTR,20116,10.126126766204834,0.7772333333333333,0.895293930729428,0.98687584375,3.410863041270788,2.496221820374026,0.11725,0.49986362500000003
Kidney-cohort 365-day mortality,kidney_mortality,0,3,Standard CTGAN,TSTR,10153,16.720584869384766,0.8375666666666667,0.8603922032981435,0.9977779375000001,2.3187394813528903,6.554402441806562,0.0,0.5013602500000001
Kidney-cohort 365-day mortality,kidney_mortality,0,3,SepAware CTGAN,TSTR,10153,19.087083101272583,0.85705,0.8694424739770749,0.99554546875,1.9167190198940462,4.049895852422816,0.00025,0.506207625
Kidney-cohort 365-day mortality,kidney_mortality,0,3,Standard TVAE,TSTR,20153,9.973413944244385,0.8227000000000001,0.9097987748420624,0.97412728125,2.3409312222577237,2.3983386392356882,0.12425,0.506035375
Kidney-cohort 365-day mortality,kidney_mortality,0,3,SepAware TVAE,TSTR,20153,11.67356014251709,0.7957166666666666,0.9053919109594627,0.98061425,2.5380161419292953,1.407344302395582,0.14125,0.50611675
Kidney-cohort 365-day mortality,kidney_mortality,0,4,Standard CTGAN,TSTR,10190,14.429518938064575,0.8412333333333333,0.8614349148288047,0.9978339999999999,2.557353861931618,6.916743590155791,0.0,0.5091105
Kidney-cohort 365-day mortality,kidney_mortality,0,4,SepAware CTGAN,TSTR,10190,16.70612096786499,0.8508166666666667,0.8695879503006795,0.9935290625,1.8571951544087784,4.320810488265856,0.0,0.511952125
Kidney-cohort 365-day mortality,kidney_mortality,0,4,Standard TVAE,TSTR,20190,9.131575107574463,0.8253666666666665,0.9021490750902323,0.9760344687500001,2.476123247433464,1.9048462544150504,0.1155,0.510246125
Kidney-cohort 365-day mortality,kidney_mortality,0,4,SepAware TVAE,TSTR,20190,10.677786111831665,0.7891333333333334,0.8976482155338814,0.98008546875,2.608551096395262,1.541991399895335,0.16375,0.51010975
Kidney-cohort 365-day mortality,kidney_mortality,1,0,Standard CTGAN,TSTR,10043,14.255188941955566,0.8001166666666666,0.8592055118848729,0.997986875,2.5179707401964078,6.636567981641698,0.0,0.4836885
Kidney-cohort 365-day mortality,kidney_mortality,1,0,SepAware CTGAN,TSTR,10043,16.673429012298584,0.8085000000000001,0.8729995502775338,0.9948293125000001,1.8954962249032037,4.346609991323755,0.0,0.492849125
Kidney-cohort 365-day mortality,kidney_mortality,1,0,Standard TVAE,TSTR,20043,9.641050100326538,0.8174666666666667,0.9016364045595362,0.976765,2.917131700726115,2.7717537343972922,0.11775,0.48866975
Kidney-cohort 365-day mortality,kidney_mortality,1,0,SepAware TVAE,TSTR,20043,11.21197509765625,0.7720666666666667,0.8991297773908249,0.9825906249999999,3.089952614791765,2.5943956883345933,0.125,0.48808925
Kidney-cohort 365-day mortality,kidney_mortality,1,1,Standard CTGAN,TSTR,10080,13.680192947387695,0.8589166666666668,0.8576809281905604,0.9981928124999999,2.2195303300809774,6.2340445451253625,0.00025,0.516412625
Kidney-cohort 365-day mortality,kidney_mortality,1,1,SepAware CTGAN,TSTR,10080,15.718425750732422,0.86405,0.8675481531633487,0.9960505000000001,2.138002490702597,3.649618300830568,0.00025,0.515837125
Kidney-cohort 365-day mortality,kidney_mortality,1,1,Standard TVAE,TSTR,20080,11.799203157424927,0.82575,0.9008630971779058,0.97630696875,3.0032646803424714,2.190759075782191,0.115,0.5213920000000001
Kidney-cohort 365-day mortality,kidney_mortality,1,1,SepAware TVAE,TSTR,20080,13.636199235916138,0.7984000000000001,0.8968160118374939,0.9860333437500001,2.8468091161671842,1.6474903561486007,0.092,0.520874
Kidney-cohort 365-day mortality,kidney_mortality,1,2,Standard CTGAN,TSTR,10117,17.4234402179718,0.8379500000000001,0.8601627672560469,0.9976036875,2.598656916908217,6.77709886777205,0.0,0.497315
Kidney-cohort 365-day mortality,kidney_mortality,1,2,SepAware CTGAN,TSTR,10117,19.660750150680542,0.8560000000000001,0.868115820027626,0.9946160625,2.153823788556173,3.825794707798195,0.0,0.4966975
Kidney-cohort 365-day mortality,kidney_mortality,1,2,Standard TVAE,TSTR,20117,8.651573896408081,0.8261166666666664,0.9055600264911883,0.98488478125,3.1703096199321945,1.5399806549354256,0.065,0.49616150000000003
Kidney-cohort 365-day mortality,kidney_mortality,1,2,SepAware TVAE,TSTR,20117,10.238349676132202,0.7845666666666665,0.8956306328937764,0.9974038125000001,3.0547144942730142,1.458121371578365,0.0595,0.49845275000000006
Kidney-cohort 365-day mortality,kidney_mortality,1,3,Standard CTGAN,TSTR,10154,14.962208986282349,0.8149166666666667,0.8583419779380346,0.997643625,2.6492961107184727,8.03135895501051,0.0,0.50478875
Kidney-cohort 365-day mortality,kidney_mortality,1,3,SepAware CTGAN,TSTR,10154,17.465134859085083,0.8329500000000002,0.8698572640496406,0.99413175,2.1690086344629123,4.7637955306025805,0.0,0.49915575
Kidney-cohort 365-day mortality,kidney_mortality,1,3,Standard TVAE,TSTR,20154,8.27317190170288,0.8241333333333333,0.9012724825109417,0.9806969687499999,2.743883572616987,2.5431619282184204,0.10175,0.497496375
Kidney-cohort 365-day mortality,kidney_mortality,1,3,SepAware TVAE,TSTR,20154,9.930690050125122,0.8047833333333334,0.898152065841659,0.9582609375,2.713439457371013,2.32072253489519,0.3215,0.497810875
Kidney-cohort 365-day mortality,kidney_mortality,1,4,Standard CTGAN,TSTR,10191,14.122199773788452,0.8274500000000001,0.8639674873734001,0.9975689375000001,2.3646783181824467,6.580267052721956,0.0,0.49274937500000004
Kidney-cohort 365-day mortality,kidney_mortality,1,4,SepAware CTGAN,TSTR,10191,16.30842089653015,0.8412333333333333,0.8697286935033497,0.9936768749999999,2.273847790674033,3.9996837394413474,0.0,0.49206825
Kidney-cohort 365-day mortality,kidney_mortality,1,4,Standard TVAE,TSTR,20191,7.9556801319122314,0.8252666666666666,0.9033153256256474,0.9789533125,3.0553704992597006,1.8302480095413047,0.1095,0.49710675000000004
Kidney-cohort 365-day mortality,kidney_mortality,1,4,SepAware TVAE,TSTR,20191,9.681434154510498,0.7654,0.8897421830670647,0.997695125,3.3133243730885114,1.0543714374975104,0.07425,0.493185625
Kidney-cohort 365-day mortality,kidney_mortality,2,0,Standard CTGAN,TSTR,10044,13.429032802581787,0.8020833333333334,0.8603905436827182,0.9974573125000001,2.40668314440572,6.097825573583925,0.0,0.48588575
Kidney-cohort 365-day mortality,kidney_mortality,2,0,SepAware CTGAN,TSTR,10044,15.755384683609009,0.8304500000000001,0.8690983051332579,0.994457125,1.9950252171911256,3.783397121677641,0.0,0.489798125
Kidney-cohort 365-day mortality,kidney_mortality,2,0,Standard TVAE,TSTR,20044,8.33666205406189,0.8227833333333334,0.9021602160329066,0.97866428125,3.012328048669867,1.7852567984905534,0.10075,0.48316337499999995
Kidney-cohort 365-day mortality,kidney_mortality,2,0,SepAware TVAE,TSTR,20044,10.425750017166138,0.7931833333333335,0.8930897127388187,0.9978265312499999,2.5683713908899124,2.183395786667159,0.04325,0.4851645
Kidney-cohort 365-day mortality,kidney_mortality,2,1,Standard CTGAN,TSTR,10081,15.796229839324951,0.8324999999999999,0.8599596114478976,0.99781825,2.1163120925563597,7.268137108946993,0.0,0.514270875
Kidney-cohort 365-day mortality,kidney_mortality,2,1,SepAware CTGAN,TSTR,10081,18.0915367603302,0.8506333333333334,0.87201950768796,0.9937042500000001,2.001486719258977,4.357607461280731,0.0,0.50744025
Kidney-cohort 365-day mortality,kidney_mortality,2,1,Standard TVAE,TSTR,20081,8.22367787361145,0.8194666666666666,0.9009168026301538,0.9745534687499999,2.826922169909136,1.5588068977679796,0.12125,0.51510875
Kidney-cohort 365-day mortality,kidney_mortality,2,1,SepAware TVAE,TSTR,20081,9.786642074584961,0.7780999999999999,0.8928216386892264,0.9748741875,2.8647355623784887,1.1876476897753554,0.18425,0.51447
Kidney-cohort 365-day mortality,kidney_mortality,2,2,Standard CTGAN,TSTR,10118,15.531177043914795,0.8077166666666665,0.8605999290714476,0.9979869374999999,2.115303776228101,6.647191334425872,0.0,0.5126265
Kidney-cohort 365-day mortality,kidney_mortality,2,2,SepAware CTGAN,TSTR,10118,17.849101066589355,0.8259166666666666,0.869877883908893,0.9944990625000001,2.0849291863777695,4.162242213423085,0.00025,0.51549325
Kidney-cohort 365-day mortality,kidney_mortality,2,2,Standard TVAE,TSTR,20118,7.99671196937561,0.8219666666666666,0.9044666668151353,0.9817049375,3.1370949977875933,2.3368818422708797,0.1015,0.504977
Kidney-cohort 365-day mortality,kidney_mortality,2,2,SepAware TVAE,TSTR,20118,9.555174827575684,0.7731833333333333,0.892871426499096,0.97744925,3.0845575834196404,2.214176622701475,0.23625,0.507411125
Kidney-cohort 365-day mortality,kidney_mortality,2,3,Standard CTGAN,TSTR,10155,15.485095977783203,0.8199166666666666,0.8587373404677228,0.99784175,2.653036528644915,6.300061678702191,0.0,0.5108845
Kidney-cohort 365-day mortality,kidney_mortality,2,3,SepAware CTGAN,TSTR,10155,17.763301134109497,0.8196666666666665,0.8694097044270298,0.9934638124999999,2.1361758532830226,3.8704895660677527,0.0,0.511618125
Kidney-cohort 365-day mortality,kidney_mortality,2,3,Standard TVAE,TSTR,20155,8.348770141601562,0.8284333333333334,0.9006556292926068,0.97276109375,2.363455451239584,2.3806825800972953,0.11675,0.5081289999999999
Kidney-cohort 365-day mortality,kidney_mortality,2,3,SepAware TVAE,TSTR,20155,9.95777702331543,0.7872833333333332,0.8969798391059813,0.9786387500000001,2.287025571822199,2.430334491575199,0.15175,0.509324625
Kidney-cohort 365-day mortality,kidney_mortality,2,4,Standard CTGAN,TSTR,10192,14.48875904083252,0.8433166666666665,0.8622978551937815,0.9978684375,2.570298425159327,6.844759855053049,0.0,0.4898345
Kidney-cohort 365-day mortality,kidney_mortality,2,4,SepAware CTGAN,TSTR,10192,16.780362129211426,0.8649999999999999,0.871966644039042,0.9935035,2.1379591933450066,4.166663811301412,0.0,0.49029487499999996
Kidney-cohort 365-day mortality,kidney_mortality,2,4,Standard TVAE,TSTR,20192,8.547013759613037,0.8212499999999999,0.9052649891007559,0.9792320937500001,2.9163702034337855,2.2169195378978266,0.08375,0.48710825
Kidney-cohort 365-day mortality,kidney_mortality,2,4,SepAware TVAE,TSTR,20192,10.145792007446289,0.7519666666666667,0.882399645147836,0.99836596875,2.924548556302996,1.5843300968942426,0.03275,0.489370375
