prevalence,class_sep,overlap,SMOTE,SepAware-SMOTE,gain
0.05,0.4,high,0.1019331546089839,0.1065539093847008,0.004620754775716898
0.05,1.0,moderate,0.2720281148023353,0.2924535084706701,0.02042539366833479
0.05,2.0,low,0.6515496621139192,0.6751744306016639,0.02362476848774475
0.15,0.4,high,0.2729221606307621,0.2952237007129045,0.022301540082142413
0.15,1.0,moderate,0.5437216745802846,0.5680836284129333,0.02436195383264861
0.15,2.0,low,0.8432699995093198,0.8492726841127778,0.006002684603457986
0.3,0.4,high,0.4429593874611176,0.4537484511893219,0.010789063728204262
0.3,1.0,moderate,0.7037615831138133,0.7121420794457282,0.008380496331914844
0.3,2.0,low,0.9104317016123102,0.911148145338084,0.0007164437257737299
