dataset_group,dataset,anchor,anchor_mean_abs_corr_delta_mean,anchor_target_corr_delta_mean,anchor_target_corr_real_mean,anchor_target_corr_synthetic_mean
covid,S0_A0_realism_only,comorb_cirrose,0.06231466570733505,0.19920264065738014,0.18507815029049413,-0.014124490366886028
covid,S0_A0_realism_only,idade,0.12937735044576915,0.18359252927495115,0.21851235457198676,0.03491982529703559
covid,S0_A0_realism_only,sexo,0.08864934022710694,0.08187781423503268,0.017022642213490945,0.0013323698859053546
covid,S0_A0_realism_only,tabagismo,0.06652926349475398,0.13159568890391823,0.14137764459368868,0.00978195568977042
covid,S0_A1_anchor_only,comorb_cirrose,0.06065139079058076,0.15369668172349965,0.18507815029049413,0.031381468566994454
covid,S0_A1_anchor_only,idade,0.12788362761445043,0.16048559978868476,0.21851235457198676,0.05802675478330197
covid,S0_A1_anchor_only,sexo,0.0928954065029311,0.0704094854899713,0.017022642213490945,0.007284154326757835
covid,S0_A1_anchor_only,tabagismo,0.06347663320834049,0.04413377845673422,0.14137764459368868,0.11853292950939247
covid,S1_A0_sep_only,comorb_cirrose,0.06233148170213041,0.12773211962068884,0.18507815029049413,0.05734603066980528
covid,S1_A0_sep_only,idade,0.12741923581824954,0.13394832043586585,0.21851235457198676,0.34184927686519734
covid,S1_A0_sep_only,sexo,0.09604344213223885,0.08444393088651209,0.017022642213490945,0.029906596496970063
covid,S1_A0_sep_only,tabagismo,0.06438448043471964,0.09371215593545737,0.14137764459368868,0.14899659183787733
covid,S1_A1_sep_anchor,comorb_cirrose,0.06172484081492382,0.0700251189262587,0.18507815029049413,0.11920800687347562
covid,S1_A1_sep_anchor,idade,0.12786046823911412,0.15762343189749015,0.21851235457198676,0.3761357864694769
covid,S1_A1_sep_anchor,sexo,0.0977968777996621,0.07832879029299329,0.017022642213490945,0.023948250404133176
covid,S1_A1_sep_anchor,tabagismo,0.06629328719456995,0.09420470155991491,0.14137764459368868,0.23437827421816695
covid,Standard_CTGAN,comorb_cirrose,0.0791074609301464,0.21166011605240564,0.18507815029049413,-0.02658196576191154
covid,Standard_CTGAN,idade,0.1424442868831391,0.23993520452443926,0.21851235457198676,-0.021422849952452538
covid,Standard_CTGAN,sexo,0.1018973893158246,0.06435598812618668,0.017022642213490945,-0.01373671621665086
covid,Standard_CTGAN,tabagismo,0.08384026471658479,0.11877961985002965,0.14137764459368868,0.02259802474365902
vigitel,S0_A0_realism_only,age,0.11262861783493208,0.10294431291364788,0.105778902208495,0.002834589294847115
vigitel,S0_A0_realism_only,ati_livre,0.0903747375547375,0.04412792157351064,-0.06680114987377513,-0.022673228300264484
vigitel,S0_A0_realism_only,ativo_livre,0.09964083162290208,0.014766605516701628,0.006057319512434876,0.00020161286668602917
vigitel,S0_A0_realism_only,diab,0.07202085572695216,0.11014966376669708,0.12309083253232804,0.012941168765630973
vigitel,S0_A0_realism_only,dislipidemia,0.08166932320972851,0.07392701782617267,0.042816916156249406,0.019263555817161614
vigitel,S0_A0_realism_only,doces5,0.10478707108679856,0.023054697891691994,0.017852352982638327,0.013668582386298042
vigitel,S0_A0_realism_only,exfuma,0.09769905722672094,0.0203632652739833,0.0026424044477184523,-0.012268764079600373
vigitel,S0_A0_realism_only,flvreg,0.058436009813241784,0.044908048300906535,-0.017128678067203928,-0.006776274133180646
vigitel,S0_A0_realism_only,fumante,0.03509393701510808,0.049277377611299,-0.04957534484407521,-0.00029796723277621535
vigitel,S0_A0_realism_only,gordura,0.10378807364091858,0.015492936664333,-0.023546011000056877,-0.008121392560293947
vigitel,S0_A0_realism_only,hart,0.09302893921864072,0.1390270008594741,0.19088975180445011,0.051862750944976034
vigitel,S0_A0_realism_only,inativo,0.08194220885512113,0.04965175884235415,0.04952787135932558,-0.0001238874830285716
vigitel,S0_A0_realism_only,lanche_7,0.11145519265748331,0.029814347194940572,0.023836208812486742,-0.005978138382453828
vigitel,S0_A0_realism_only,sex,0.04423253497123879,0.05204381502897443,-0.024197492367114777,-0.010936093020370576
vigitel,S0_A0_realism_only,years_schooling,0.080120275224288,0.07325889904284477,-0.055256824566464115,0.018002074476380657
vigitel,S0_A1_anchor_only,age,0.11417815250285954,0.08852380520005343,0.105778902208495,0.017255097008441567
vigitel,S0_A1_anchor_only,ati_livre,0.09239352373656283,0.041774385626403586,-0.06680114987377513,-0.025026764247371547
vigitel,S0_A1_anchor_only,ativo_livre,0.10423649800154067,0.020720093582182558,0.006057319512434876,-0.0031684220082305245
vigitel,S0_A1_anchor_only,diab,0.07292514476844303,0.09425405669042472,0.12309083253232804,0.028836775841903316
vigitel,S0_A1_anchor_only,dislipidemia,0.08669162310428878,0.06804596390147769,0.042816916156249406,0.02908096814858039
vigitel,S0_A1_anchor_only,doces5,0.11246362503741539,0.02039457444766492,0.017852352982638327,0.012670907378476426
vigitel,S0_A1_anchor_only,exfuma,0.10182104124040314,0.01684252185717071,0.0026424044477184523,-0.007341826069274084
vigitel,S0_A1_anchor_only,flvreg,0.05979416864230023,0.04313157291046745,-0.017128678067203928,-0.007945947313453817
vigitel,S0_A1_anchor_only,fumante,0.034604494302767,0.036930663210902576,-0.04957534484407521,-0.01264468163317264
vigitel,S0_A1_anchor_only,gordura,0.1088248255300577,0.020432487516205695,-0.023546011000056877,-0.00311352348385118
vigitel,S0_A1_anchor_only,hart,0.09353277028261293,0.11128102872930556,0.19088975180445011,0.07960872307514456
vigitel,S0_A1_anchor_only,inativo,0.08531823325431631,0.04750997511559539,0.04952787135932558,0.002017896243730189
vigitel,S0_A1_anchor_only,lanche_7,0.11875661932555577,0.02401939415611531,0.023836208812486742,-0.00018318534362856686
vigitel,S0_A1_anchor_only,sex,0.04585281003965277,0.05777154100022534,-0.024197492367114777,-0.018332585070552417
vigitel,S0_A1_anchor_only,years_schooling,0.08095173643852677,0.0632668749491611,-0.055256824566464115,0.008010050382696993
vigitel,S1_A0_sep_only,age,0.11269251521494775,0.09845388388886864,0.105778902208495,0.029211337866157955
vigitel,S1_A0_sep_only,ati_livre,0.08626886381426382,0.025156899682012214,-0.06680114987377513,-0.05599374178703429
vigitel,S1_A0_sep_only,ativo_livre,0.09785120677756634,0.031725673071952766,0.006057319512434876,-0.0038974256676584016
vigitel,S1_A0_sep_only,diab,0.06665831077135952,0.06000570293701115,0.12309083253232804,0.158666756158856
vigitel,S1_A0_sep_only,dislipidemia,0.08806099325483742,0.0756351286658728,0.042816916156249406,0.025876932498686
vigitel,S1_A0_sep_only,doces5,0.10614601104456878,0.015835488814269442,0.017852352982638327,0.003597391898162776
vigitel,S1_A0_sep_only,exfuma,0.10563141593938781,0.03820504315747699,0.0026424044477184523,-0.026764483642277258
vigitel,S1_A0_sep_only,flvreg,0.062287581816408366,0.05456978775919408,-0.017128678067203928,-0.0670746518352088
vigitel,S1_A0_sep_only,fumante,0.04214472067048528,0.046829219201144155,-0.04957534484407521,-0.09640456404521938
vigitel,S1_A0_sep_only,gordura,0.11129312456462752,0.02253520407173463,-0.023546011000056877,-0.0010108069283222504
vigitel,S1_A0_sep_only,hart,0.0961760374950545,0.14678304575897186,0.19088975180445011,0.33767279756342194
vigitel,S1_A0_sep_only,inativo,0.08279959829162324,0.06394660224893745,0.04952787135932558,-0.014418730889611871
vigitel,S1_A0_sep_only,lanche_7,0.11372726010234228,0.028066526169749428,0.023836208812486742,-0.0042303173572626855
vigitel,S1_A0_sep_only,sex,0.055704983616950955,0.07500212101344747,-0.024197492367114777,-0.054355910450485566
vigitel,S1_A0_sep_only,years_schooling,0.07603084507948779,0.02450478281536373,-0.055256824566464115,-0.030752041751100384
vigitel,S1_A1_sep_anchor,age,0.11328018479405846,0.08803226693796529,0.105778902208495,0.03462427983262824
vigitel,S1_A1_sep_anchor,ati_livre,0.08886986254700713,0.024480145978305518,-0.06680114987377513,-0.05495336740085617
vigitel,S1_A1_sep_anchor,ativo_livre,0.1025224435221107,0.03315882367383697,0.006057319512434876,-0.004332788917748161
vigitel,S1_A1_sep_anchor,diab,0.06563367247745028,0.06416623526065227,0.12309083253232804,0.18190234060960586
vigitel,S1_A1_sep_anchor,dislipidemia,0.08965940077963055,0.07672060226064752,0.042816916156249406,0.03673900935021236
vigitel,S1_A1_sep_anchor,doces5,0.10973094577111726,0.011145685705235457,0.017852352982638327,0.011734091454260024
vigitel,S1_A1_sep_anchor,exfuma,0.10814486736916784,0.0368788214204983,0.0026424044477184523,-0.025768918073019155
vigitel,S1_A1_sep_anchor,flvreg,0.06269326644415056,0.05258872020554091,-0.017128678067203928,-0.053173363704698814
vigitel,S1_A1_sep_anchor,fumante,0.042142703517398565,0.04537077005766164,-0.04957534484407521,-0.09494611490173685
vigitel,S1_A1_sep_anchor,gordura,0.11459682252321199,0.026567086710880355,-0.023546011000056877,0.003021075710823479
vigitel,S1_A1_sep_anchor,hart,0.09725260496642764,0.1456163533181906,0.19088975180445011,0.3365061051226407
vigitel,S1_A1_sep_anchor,inativo,0.08594417803189627,0.06490963309589097,0.04952787135932558,-0.015381761736565394
vigitel,S1_A1_sep_anchor,lanche_7,0.11647916920207302,0.024033402391369446,0.023836208812486742,0.004819610354158285
vigitel,S1_A1_sep_anchor,sex,0.05713366681998512,0.07748158884086345,-0.024197492367114777,-0.061116676911344314
vigitel,S1_A1_sep_anchor,years_schooling,0.07693015455007242,0.023898856587646268,-0.055256824566464115,-0.03135796797881785
vigitel,Standard_CTGAN,age,0.14413166670261096,0.11344228492759331,0.105778902208495,-0.00766338271909833
vigitel,Standard_CTGAN,ati_livre,0.11460332616103339,0.06322964406874283,-0.06680114987377513,-0.003571505805032305
vigitel,Standard_CTGAN,ativo_livre,0.14039357636498073,0.02122996193209393,0.006057319512434876,-0.015172642419659054
vigitel,Standard_CTGAN,diab,0.08664710979263728,0.13200151853161018,0.12309083253232804,-0.00891068599928215
vigitel,Standard_CTGAN,dislipidemia,0.09443039762489945,0.06548394705904016,0.042816916156249406,0.019792501439414027
vigitel,Standard_CTGAN,doces5,0.142556540708024,0.010680186728662493,0.017852352982638327,0.01257528763976239
vigitel,Standard_CTGAN,exfuma,0.12152043883548196,0.01950409045123701,0.0026424044477184523,-0.002752228236927633
vigitel,Standard_CTGAN,flvreg,0.06912854467848542,0.03436397648565431,-0.017128678067203928,-0.013292176638573221
vigitel,Standard_CTGAN,fumante,0.046309449040869435,0.040456157064095326,-0.04957534484407521,-0.018682402737579155
vigitel,Standard_CTGAN,gordura,0.1404273864899755,0.016052081522424183,-0.023546011000056877,-0.007493929477632695
vigitel,Standard_CTGAN,hart,0.10737460063522083,0.1644265249897968,0.19088975180445011,0.026463226814653316
vigitel,Standard_CTGAN,inativo,0.0925147530547418,0.06890290038085549,0.04952787135932558,-0.019375029021529915
vigitel,Standard_CTGAN,lanche_7,0.1328076767464911,0.015136563464470256,0.023836208812486742,0.008699645348016486
vigitel,Standard_CTGAN,sex,0.063511376645049,0.049494310864305564,-0.024197492367114777,-0.015307408788656399
vigitel,Standard_CTGAN,years_schooling,0.09048852604308137,0.05271748582660067,-0.055256824566464115,-0.002539338739863438
